Id,SalePrice,MSZoning,Condition1,Condition2,KitchenQual,HeatingQC,CentralAir,BsmtCond,GarageCond,1stFlrSF,2ndFlrSF,BedroomAbvGr,YearBuilt
1,208500,RL,Norm,Norm,Gd,Ex,Y,TA,TA,856,854,3,2003
2,181500,RL,Feedr,Norm,TA,Ex,Y,TA,TA,1262,0,3,1976
3,223500,RL,Norm,Norm,Gd,Ex,Y,TA,TA,920,866,3,2001
4,140000,RL,Norm,Norm,Gd,Gd,Y,Gd,TA,961,756,3,1915
5,250000,RL,Norm,Norm,Gd,Ex,Y,TA,TA,1145,1053,4,2000
6,143000,RL,Norm,Norm,TA,Ex,Y,TA,TA,796,566,1,1993
7,307000,RL,Norm,Norm,Gd,Ex,Y,TA,TA,1694,0,3,2004
8,200000,RL,PosN,Norm,TA,Ex,Y,TA,TA,1107,983,3,1973
9,129900,RM,Artery,Norm,TA,Gd,Y,TA,TA,1022,752,2,1931
10,118000,RL,Artery,Artery,TA,Ex,Y,TA,TA,1077,0,2,1939
11,129500,RL,Norm,Norm,TA,Ex,Y,TA,TA,1040,0,3,1965
12,345000,RL,Norm,Norm,Ex,Ex,Y,TA,TA,1182,1142,4,2005
13,144000,RL,Norm,Norm,TA,TA,Y,TA,TA,912,0,2,1962
14,279500,RL,Norm,Norm,Gd,Ex,Y,TA,TA,1494,0,3,2006
15,157000,RL,Norm,Norm,TA,TA,Y,TA,TA,1253,0,2,1960
16,132000,RM,Norm,Norm,TA,Ex,Y,TA,TA,854,0,2,1929
17,149000,RL,Norm,Norm,TA,Ex,Y,TA,TA,1004,0,2,1970
18,90000,RL,Norm,Norm,TA,TA,Y,No,TA,1296,0,2,1967
19,159000,RL,RRAe,Norm,Gd,Ex,Y,TA,TA,1114,0,3,2004
20,139000,RL,Norm,Norm,TA,TA,Y,TA,TA,1339,0,3,1958
21,325300,RL,Norm,Norm,Gd,Ex,Y,TA,TA,1158,1218,4,2005
22,139400,RM,Norm,Norm,Gd,Ex,Y,TA,TA,1108,0,3,1930
23,230000,RL,Norm,Norm,Gd,Ex,Y,TA,TA,1795,0,3,2002
24,129900,RM,Norm,Norm,TA,TA,Y,TA,TA,1060,0,3,1976
25,154000,RL,Norm,Norm,Gd,Ex,Y,TA,TA,1060,0,3,1968
26,256300,RL,Norm,Norm,Gd,Ex,Y,TA,TA,1600,0,3,2007
27,134800,RL,Norm,Norm,Gd,TA,Y,TA,TA,900,0,3,1951
28,306000,RL,Norm,Norm,Gd,Ex,Y,TA,TA,1704,0,3,2007
29,207500,RL,Norm,Norm,TA,TA,Y,TA,TA,1600,0,2,1957
30,68500,RM,Feedr,RRNn,Fa,Fa,N,TA,TA,520,0,1,1927
31,40000,C (all),Feedr,Norm,TA,TA,N,TA,Fa,649,668,3,1920
32,149350,RL,Norm,Norm,Gd,Gd,Y,TA,TA,1228,0,3,1966
33,179900,RL,Norm,Norm,Gd,Ex,Y,TA,TA,1234,0,3,2007
34,165500,RL,Norm,Norm,Gd,Gd,Y,TA,TA,1700,0,4,1959
35,277500,RL,Norm,Norm,Ex,Ex,Y,TA,TA,1561,0,2,2005
36,309000,RL,Norm,Norm,Gd,Ex,Y,TA,TA,1132,1320,4,2004
37,145000,RL,Norm,Norm,TA,Ex,Y,TA,TA,1097,0,3,1994
38,153000,RL,Norm,Norm,TA,Gd,Y,TA,TA,1297,0,3,1954
39,109000,RL,Norm,Norm,Gd,TA,Y,TA,TA,1057,0,3,1953
40,82000,RL,Norm,Norm,Fa,TA,N,No,No,1152,0,2,1955
41,160000,RL,Norm,Norm,TA,Ex,Y,TA,TA,1324,0,3,1965
42,170000,RL,Norm,Norm,TA,Gd,Y,TA,TA,1328,0,2,1959
43,144000,RL,Norm,Norm,Gd,Gd,Y,TA,Gd,884,0,2,1983
44,130250,RL,Norm,Norm,TA,TA,Y,TA,TA,938,0,3,1975
45,141000,RL,Norm,Norm,TA,Ex,Y,TA,TA,1150,0,3,1959
46,319900,RL,Norm,Norm,Ex,Ex,Y,TA,TA,1752,0,2,2005
47,239686,RL,Norm,Norm,Gd,Ex,Y,TA,TA,1518,631,1,2003
48,249700,FV,Norm,Norm,Gd,Ex,Y,TA,TA,1656,0,3,2006
49,113000,RM,Norm,Norm,TA,Gd,Y,TA,No,736,716,2,1920
50,127000,RL,Norm,Norm,TA,Ex,Y,TA,TA,955,0,3,1966
51,177000,RL,Norm,Norm,TA,Gd,Y,TA,TA,794,676,3,1997
52,114500,RM,Norm,Norm,TA,TA,Y,TA,TA,816,0,3,1934
53,110000,RM,RRNn,Norm,TA,TA,N,TA,TA,816,0,2,1963
54,385000,RL,Norm,Norm,Gd,Gd,Y,TA,TA,1842,0,0,1981
55,130000,RL,Norm,Norm,TA,TA,Y,TA,TA,1360,0,3,1955
56,180500,RL,Norm,Norm,TA,Gd,Y,TA,TA,1425,0,3,1964
57,172500,FV,Norm,Norm,Gd,Ex,Y,TA,TA,983,756,3,1999
58,196500,RL,Norm,Norm,Gd,Ex,Y,TA,TA,860,860,3,2004
59,438780,RL,Norm,Norm,Gd,Ex,Y,TA,TA,1426,1519,3,2006
60,124900,RL,Norm,Norm,TA,Ex,Y,TA,TA,780,0,2,1972
61,158000,RL,RRAe,Norm,Gd,Ex,Y,TA,TA,1158,0,3,2004
62,101000,RM,Norm,Norm,Fa,TA,N,Fa,TA,581,530,3,1920
63,202500,RL,Norm,Norm,Gd,Ex,Y,Gd,TA,1370,0,2,2006
64,140000,RM,RRAn,Feedr,TA,Gd,Y,TA,TA,902,808,3,1921
65,219500,RL,Norm,Norm,Gd,Ex,Y,TA,TA,1057,977,3,1997
66,317000,RL,Norm,Norm,Gd,Ex,Y,TA,TA,1143,1330,4,2004
67,180000,RL,PosA,Norm,TA,TA,Y,TA,TA,2207,0,3,1970
68,226000,RL,Norm,Norm,Gd,Ex,Y,TA,TA,1479,0,3,2003
69,80000,RM,Artery,Norm,TA,TA,Y,TA,TA,747,0,2,1945
70,225000,RL,Norm,Norm,TA,TA,Y,TA,TA,1304,983,3,1953
71,244000,RL,Norm,Norm,TA,Ex,Y,TA,TA,2223,0,3,1973
72,129500,RL,Norm,Norm,TA,TA,Y,TA,TA,845,0,2,1982
73,185000,RL,Norm,Norm,TA,Gd,Y,TA,TA,885,833,3,1998
74,144900,RL,Norm,Norm,TA,Gd,Y,TA,TA,1086,0,3,1954
75,107400,RM,Norm,Norm,TA,Gd,N,TA,TA,840,765,3,1915
76,91000,RM,Norm,Norm,TA,TA,Y,TA,TA,526,462,2,1973
77,135750,RL,Norm,Norm,TA,Ex,Y,TA,TA,952,0,2,1956
78,127000,RM,Norm,Norm,TA,TA,Y,TA,TA,1072,213,2,1948
79,136500,RL,Norm,Norm,TA,TA,N,TA,No,1768,0,4,1968
80,110000,RM,Norm,Norm,TA,Gd,Y,TA,TA,682,548,2,1910
81,193500,RL,Norm,Norm,Gd,TA,Y,TA,TA,1182,960,4,1968
82,153500,RM,Norm,Norm,TA,Ex,Y,Gd,TA,1337,0,2,1998
83,245000,RL,Norm,Norm,Gd,Ex,Y,TA,TA,1563,0,3,2007
84,126500,RL,Norm,Norm,TA,Gd,Y,TA,TA,1065,0,3,1960
85,168500,RL,Norm,Norm,TA,Gd,Y,TA,TA,804,670,3,1995
86,260000,RL,Norm,Norm,Gd,Ex,Y,TA,TA,1301,1116,4,1991
87,174000,RL,Norm,Norm,Gd,Ex,Y,TA,TA,684,876,3,2005
88,164500,FV,Norm,Norm,Gd,Ex,Y,TA,TA,612,612,2,2009
89,85000,C (all),Feedr,Feedr,Fa,TA,N,Fa,No,1013,0,2,1915
90,123600,RL,Norm,Norm,TA,Ex,Y,TA,No,990,0,3,1994
91,109900,RL,Norm,Norm,TA,TA,Y,No,TA,1040,0,2,1950
92,98600,RL,Norm,Norm,TA,TA,Y,TA,TA,1235,0,2,1961
93,163500,RL,Norm,Norm,TA,Ex,Y,TA,TA,964,0,2,1921
94,133900,C (all),Norm,Norm,TA,Ex,N,Fa,TA,1260,1031,4,1910
95,204750,RL,Norm,Norm,Gd,Ex,Y,TA,TA,905,881,3,1997
96,185000,RL,Norm,Norm,TA,Gd,Y,Gd,TA,680,790,3,1993
97,214000,RL,Norm,Norm,Gd,Ex,Y,TA,TA,1588,0,3,1999
98,94750,RL,Norm,Norm,TA,TA,Y,TA,TA,960,0,3,1965
99,83000,RL,Norm,Norm,TA,Fa,N,TA,TA,835,0,2,1920
100,128950,RL,Norm,Norm,TA,Fa,Y,TA,No,1225,0,3,1959
101,205000,RL,Norm,Norm,Gd,Gd,Y,TA,TA,1610,0,3,1977
102,178000,RL,Norm,Norm,Gd,TA,Y,TA,TA,977,755,3,1985
103,118964,RL,Norm,Norm,TA,TA,Y,No,TA,1535,0,4,1979
104,198900,RL,Norm,Norm,Gd,Ex,Y,TA,TA,1226,0,3,2009
105,169500,RM,Norm,Norm,TA,Ex,Y,TA,TA,1226,592,4,1931
106,250000,FV,Norm,Norm,Gd,Ex,Y,TA,TA,1053,939,3,2003
107,100000,RM,Norm,Norm,TA,Gd,Y,TA,Fa,1047,0,2,1885
108,115000,RM,Norm,Norm,TA,Ex,Y,TA,TA,789,0,2,1948
109,115000,RM,Artery,Norm,Fa,TA,N,TA,No,997,520,3,1919
110,190000,RL,Norm,Norm,TA,Ex,Y,TA,TA,1844,0,3,1977
111,136900,RL,Norm,Norm,TA,Gd,Y,Fa,TA,1216,639,4,1954
112,180000,RL,Norm,Norm,TA,Ex,Y,TA,TA,774,656,3,2000
113,383970,RL,Norm,Norm,Ex,Ex,Y,TA,TA,1282,1414,4,2007
114,217000,RL,Norm,Norm,Gd,TA,Y,TA,TA,2259,0,3,1953
115,259500,RL,Norm,Norm,Gd,Ex,Y,TA,TA,1436,884,3,1945
116,176000,FV,Norm,Norm,TA,Gd,Y,TA,TA,729,729,2,1999
117,139000,RL,Norm,Norm,TA,TA,Y,TA,TA,1092,0,3,1962
118,155000,RL,Norm,Norm,TA,Gd,Y,TA,TA,1125,0,2,2006
119,320000,RL,Norm,Norm,Gd,Gd,Y,TA,TA,1699,1523,5,1990
120,163990,RL,Norm,Norm,Gd,Ex,Y,TA,TA,728,728,3,2005
121,180000,RL,Norm,Norm,TA,Ex,Y,TA,TA,988,0,1,1969
122,100000,RM,Norm,Norm,TA,Gd,Y,TA,TA,772,351,3,1939
123,136000,RL,Norm,Norm,TA,Gd,Y,TA,TA,1080,0,3,1958
124,153900,RL,Norm,Norm,Gd,Ex,Y,TA,TA,1199,0,2,1993
125,181000,RL,Norm,Norm,TA,TA,Y,Fa,TA,1586,0,3,1979
126,84500,RM,Norm,Norm,TA,Gd,N,TA,No,520,0,2,1935
127,128000,RL,Norm,Norm,TA,TA,Y,TA,TA,958,0,2,1976
128,87000,RM,Feedr,Norm,TA,Ex,Y,TA,No,840,0,3,1930
129,155000,RL,PosN,Norm,TA,TA,Y,TA,TA,660,688,3,1966
130,150000,RL,Norm,Norm,Ex,TA,Y,TA,TA,1053,0,3,1958
131,226000,RL,Norm,Norm,Gd,Ex,Y,TA,TA,1216,941,4,1966
132,244000,RL,Norm,Norm,Gd,Ex,Y,TA,TA,1022,1032,3,2000
133,150750,RL,Norm,Norm,Gd,Gd,Y,TA,TA,1327,0,3,1959
134,220000,RL,Norm,Norm,Gd,Ex,Y,TA,TA,1296,0,2,2001
135,180000,RL,Norm,Norm,TA,Gd,Y,TA,TA,1721,0,3,1968
136,174000,RL,Norm,Norm,TA,Gd,Y,TA,TA,1682,0,3,1970
137,143000,RL,Norm,Norm,TA,TA,Y,TA,TA,1214,0,3,1967
138,171000,RL,Norm,Norm,TA,Gd,Y,TA,TA,1959,0,5,1988
139,230000,RL,Norm,Norm,Gd,Ex,Y,TA,TA,1004,848,3,1999
140,231500,RL,Norm,Norm,Gd,Ex,Y,TA,TA,928,836,3,1997
141,115000,RL,Norm,Norm,TA,TA,Y,TA,No,864,0,3,1971
142,260000,RL,Norm,Norm,Gd,Ex,Y,TA,TA,1734,0,3,2005
143,166000,RL,Artery,Norm,TA,Fa,Y,TA,TA,910,475,4,1952
144,204000,RL,Norm,Norm,Gd,Ex,Y,TA,TA,1501,0,3,1999
145,125000,RM,RRAe,Norm,TA,TA,Y,TA,TA,1728,0,6,1963
146,130000,RM,Norm,Norm,Gd,Ex,Y,TA,TA,970,739,3,2004
147,105000,RM,Norm,Norm,TA,TA,Y,TA,TA,875,0,2,1931
148,222500,RL,Norm,Norm,Gd,Ex,Y,TA,TA,884,1151,3,2001
149,141000,RL,Norm,Norm,Gd,Ex,Y,TA,No,1080,0,3,2004
150,115000,RM,Norm,Norm,TA,Gd,Y,TA,TA,896,448,3,1936
151,122000,RL,Norm,Norm,TA,TA,Y,TA,TA,969,0,3,1975
152,372402,RL,Norm,Norm,Gd,Ex,Y,TA,TA,1710,0,2,2007
153,190000,RL,Norm,Norm,TA,Gd,Y,TA,TA,1097,896,4,1971
154,235000,RL,Norm,Norm,TA,Gd,Y,TA,TA,1252,0,1,1960
155,125000,RM,Norm,Norm,TA,TA,Y,TA,Fa,1200,0,4,1923
156,79000,RL,Artery,Norm,TA,Fa,N,TA,No,572,524,2,1924
157,109500,RL,Norm,Norm,TA,TA,Y,No,TA,1040,0,2,1950
158,269500,RL,Norm,Norm,Ex,Ex,Y,TA,TA,774,1194,4,2009
159,254900,FV,Norm,Norm,Gd,Ex,Y,TA,TA,991,956,3,2004
160,320000,RL,Norm,Norm,Gd,Ex,Y,TA,TA,1392,1070,4,2005
161,162500,RL,Norm,Norm,TA,TA,Y,TA,TA,1232,0,3,1984
162,412500,RL,Norm,Norm,Ex,Ex,Y,TA,TA,1572,1096,3,2003
163,220000,RL,Norm,Norm,Gd,Ex,Y,TA,TA,1541,0,3,2005
164,103200,RL,Norm,Norm,TA,Ex,Y,TA,No,882,0,1,1956
165,152000,RM,Norm,Norm,Gd,Gd,Y,TA,TA,1149,467,3,1926
166,127500,RL,Norm,Norm,TA,Gd,Y,TA,No,808,547,4,1940
167,190000,RL,Norm,Norm,TA,Ex,Y,TA,TA,1867,0,2,1955
168,325624,RL,Norm,Norm,Ex,Ex,Y,TA,TA,1610,551,3,2007
169,183500,RL,Norm,Norm,Gd,Ex,Y,TA,TA,840,880,3,2004
170,228000,RL,Norm,Norm,TA,TA,Y,TA,TA,1707,0,2,1981
171,128500,RM,Feedr,Norm,TA,TA,Y,TA,TA,854,0,2,1941
172,215000,RL,Norm,Norm,TA,Fa,Y,Gd,TA,1656,0,3,1960
173,239000,RL,Norm,Norm,Gd,Gd,Y,Gd,TA,1064,703,2,1987
174,163000,RL,Norm,Norm,TA,TA,Y,TA,TA,1362,0,3,1961
175,184000,RL,Norm,Norm,TA,TA,Y,Fa,TA,1651,0,3,1986
176,243000,RL,Norm,Norm,Gd,TA,Y,Gd,TA,2158,0,4,1950
177,211000,RL,Norm,Norm,TA,TA,Y,TA,TA,1164,896,4,1988
178,172500,RL,Norm,Norm,Gd,Ex,Y,TA,TA,1252,668,4,1958
179,501837,RL,Norm,Norm,Ex,Ex,Y,TA,TA,2234,0,1,2008
180,100000,RM,Norm,Norm,TA,TA,Y,TA,TA,968,0,2,1923
181,177000,FV,Norm,Norm,Gd,Ex,Y,TA,TA,769,756,3,2000
182,200100,RL,Norm,Norm,TA,Gd,Y,TA,TA,901,901,4,1920
183,120000,RL,Artery,Norm,TA,Ex,Y,No,TA,1340,0,3,1957
184,200000,RM,Norm,Norm,Gd,Ex,Y,TA,TA,1362,720,3,2003
185,127000,RL,RRAn,Feedr,TA,Gd,Y,TA,TA,936,316,3,1908
186,475000,RM,Artery,Norm,Ex,Ex,Y,TA,TA,1518,1518,4,1892
187,173000,RL,Norm,Norm,Gd,Ex,Y,TA,TA,1217,0,3,1990
188,135000,RL,Norm,Norm,TA,Ex,Y,TA,Fa,808,704,3,1916
189,153337,RL,Feedr,Norm,TA,TA,Y,TA,TA,1224,0,2,1979
190,286000,RL,Norm,Norm,Ex,Ex,Y,TA,TA,1593,0,0,2001
191,315000,RL,Norm,Norm,Gd,TA,Y,Gd,TA,1549,1178,3,1932
192,184000,RL,Norm,Norm,Gd,Gd,Y,TA,TA,725,754,4,1972
193,192000,RL,Norm,Norm,Gd,Ex,Y,TA,TA,1431,0,3,1999
194,130000,RM,Norm,Norm,Gd,Ex,Y,TA,TA,970,739,3,2004
195,127000,RL,Norm,Norm,TA,TA,Y,TA,TA,864,0,3,1972
196,148500,RL,Norm,Norm,TA,TA,Y,TA,TA,855,601,3,1976
197,311872,RL,Norm,Norm,Ex,Ex,Y,TA,TA,1726,0,3,2007
198,235000,RL,Artery,Norm,Gd,Gd,Y,TA,TA,1360,1360,4,1918
199,104000,RM,Norm,Norm,TA,Ex,Y,TA,No,929,929,5,1912
200,274900,RL,Norm,Norm,Ex,Ex,Y,TA,TA,1713,0,3,2004
201,140000,RM,Norm,Norm,TA,Ex,Y,TA,TA,1121,0,2,2003
202,171500,RL,Norm,Norm,TA,TA,Y,TA,TA,1279,0,3,1977
203,112000,RL,Artery,Norm,TA,Gd,Y,TA,TA,865,445,2,1924
204,149000,RM,Norm,Norm,Gd,Ex,Y,TA,TA,848,0,1,2004
205,110000,RM,Norm,Norm,TA,TA,Y,TA,TA,720,564,2,1947
206,180500,RL,Norm,Norm,TA,Ex,Y,TA,TA,1442,0,3,1990
207,143900,RL,RRAe,Norm,TA,TA,Y,TA,TA,1696,0,3,1962
208,141000,RL,Norm,Norm,TA,TA,Y,TA,TA,1100,0,3,1960
209,277000,RL,Norm,Norm,TA,Ex,Y,TA,TA,1180,882,3,1988
210,145000,RL,Norm,Norm,TA,Ex,Y,TA,Gd,1092,0,3,1964
211,98000,RL,Norm,Norm,TA,TA,N,TA,No,864,0,2,1925
212,186000,RL,Norm,Norm,Gd,Ex,Y,TA,TA,1212,0,3,2009
213,252678,FV,Norm,Norm,Gd,Ex,Y,TA,TA,932,920,3,2009
214,156000,RL,Norm,Norm,TA,Ex,Y,TA,TA,990,0,3,1995
215,161750,RL,Norm,Norm,TA,Ex,Y,TA,TA,689,703,3,1977
216,134450,RL,Norm,Norm,Gd,TA,Y,TA,TA,1236,0,2,1957
217,210000,RL,Norm,Norm,Gd,Ex,Y,TA,TA,1436,0,3,2004
218,107000,RM,Norm,Norm,TA,Fa,N,TA,TA,810,518,3,1925
219,311500,RL,Norm,Norm,Gd,Ex,Y,TA,TA,1137,817,3,1939
220,167240,RL,Norm,Norm,Gd,Ex,Y,TA,TA,1248,0,2,2005
221,204900,RL,Norm,Norm,Gd,Ex,Y,TA,TA,1498,0,2,2006
222,200000,RL,Norm,Norm,Gd,Ex,Y,TA,TA,1010,1257,4,2002
223,179900,RL,RRAn,Norm,TA,TA,Y,TA,TA,811,741,3,1975
224,97000,RL,Norm,Norm,TA,Gd,Y,TA,TA,864,0,2,1971
225,386250,RL,Norm,Norm,Ex,Ex,Y,TA,TA,2392,0,3,2003
226,112000,RM,Norm,Norm,TA,TA,Y,TA,TA,630,672,3,1971
227,290000,RL,Norm,Norm,Gd,Ex,Y,TA,TA,1214,1306,4,1995
228,106000,RM,Norm,Norm,TA,TA,Y,TA,TA,483,504,2,1970
229,125000,RL,Feedr,Norm,TA,TA,Y,TA,TA,912,0,3,1967
230,192500,RL,Norm,Norm,Gd,Ex,Y,TA,TA,1555,0,2,2005
231,148000,RL,Norm,Norm,TA,TA,Y,TA,TA,1194,0,3,1959
232,403000,RL,Norm,Norm,Ex,Ex,Y,TA,TA,1490,1304,4,1995
233,94500,RM,Norm,Norm,TA,TA,Y,TA,TA,483,504,2,1972
234,128200,RL,Norm,Norm,TA,TA,Y,Gd,TA,894,0,3,1976
235,216500,RL,Norm,Norm,Gd,Ex,Y,TA,TA,860,1100,4,2002
236,89500,RM,Norm,Norm,TA,TA,Y,TA,TA,483,504,2,1971
237,185500,RL,Norm,Norm,Gd,Ex,Y,TA,TA,1414,0,3,2004
238,194500,RL,RRNe,Norm,Gd,Ex,Y,TA,TA,1014,730,3,1993
239,318000,RL,Norm,Norm,Gd,Ex,Y,TA,TA,1694,0,3,2007
240,113000,RL,Norm,Norm,TA,TA,Y,Fa,TA,798,689,3,1945
241,262500,FV,Norm,Norm,Gd,Ex,Y,TA,TA,1566,0,3,2008
242,110500,RM,Norm,Norm,Gd,Gd,Y,TA,No,866,0,2,1945
243,79000,RM,Norm,Norm,TA,Gd,N,TA,TA,889,551,3,1900
244,120000,RL,Norm,Norm,TA,TA,Y,TA,TA,626,591,3,1980
245,205000,RL,Norm,Norm,Gd,Ex,Y,TA,TA,1222,888,3,1994
246,241500,RL,Norm,Norm,TA,Gd,Y,TA,TA,1872,0,3,1988
247,137000,RM,Norm,Norm,Fa,Gd,N,TA,Po,908,1020,4,1910
248,140000,RL,Norm,Norm,TA,Ex,Y,TA,TA,1375,0,2,1954
249,180000,RL,Norm,Norm,Gd,Ex,Y,TA,TA,840,828,3,2003
250,277000,RL,Norm,Norm,Gd,Gd,Y,TA,TA,1444,700,4,1958
251,76500,RL,Norm,Norm,Fa,Ex,Y,TA,No,1306,0,3,1940
252,235000,RM,Norm,Norm,Gd,Ex,Y,TA,TA,1625,0,2,2006
253,173000,RL,Norm,Norm,Gd,Ex,Y,TA,TA,798,842,3,2004
254,158000,RL,Norm,Norm,Gd,Ex,Y,TA,TA,1302,0,3,1964
255,145000,RL,Norm,Norm,TA,TA,Y,TA,TA,1314,0,3,1957
256,230000,RL,Norm,Norm,Gd,Ex,Y,TA,TA,1005,1286,4,1999
257,207500,FV,Norm,Norm,Gd,Ex,Y,TA,TA,864,864,3,2003
258,220000,RL,Norm,Norm,Gd,Ex,Y,TA,TA,1604,0,3,2006
259,231500,RL,Norm,Norm,Gd,Ex,Y,TA,TA,963,829,3,2001
260,97000,RM,Norm,Norm,TA,Gd,Y,No,TA,882,0,2,1956
261,176000,RL,Artery,Norm,TA,TA,Y,TA,TA,1382,0,3,1962
262,276000,RL,Norm,Norm,Ex,Ex,Y,TA,TA,1482,1092,3,2007
263,151000,RL,Norm,Norm,TA,TA,Y,Gd,TA,1212,0,3,1977
264,130000,RM,Norm,Norm,TA,TA,Y,TA,TA,926,0,3,1929
265,73000,RM,Artery,Norm,TA,Gd,N,TA,TA,764,0,2,1925
266,175500,RL,Norm,Norm,Gd,TA,Y,TA,TA,1422,0,3,1981
267,185000,RL,Norm,Norm,TA,Gd,Y,TA,TA,802,709,3,1997
268,179500,RL,Norm,Norm,Gd,Ex,Y,TA,TA,1052,720,4,1939
269,120500,RM,Norm,Norm,TA,Ex,Y,TA,Ex,778,0,2,1940
270,148000,RL,Norm,Norm,TA,TA,Y,Gd,Gd,1113,0,3,1976
271,266000,FV,Norm,Norm,Gd,Gd,Y,TA,TA,1095,844,3,2006
272,241500,RL,Norm,Norm,TA,Ex,Y,TA,TA,1363,0,2,1954
273,290000,RL,Norm,Norm,Gd,Ex,Y,TA,TA,1164,1106,4,1999
274,139000,RL,Feedr,Norm,TA,Gd,Y,TA,TA,1632,0,3,1958
275,124500,RL,Norm,Norm,TA,TA,Y,TA,TA,816,0,2,1982
276,205000,RL,Norm,Norm,Ex,Gd,N,TA,TA,952,596,3,1925
277,201000,RL,Norm,Norm,Gd,Ex,Y,TA,TA,1560,0,3,2003
278,141000,RL,Norm,Norm,TA,Ex,Y,TA,TA,864,0,2,1951
279,415298,RL,Norm,Norm,Ex,Ex,Y,TA,TA,2121,0,3,2006
280,192000,RL,Norm,Norm,TA,Ex,Y,TA,TA,1156,866,4,1977
281,228500,RL,Norm,Norm,Gd,Gd,Y,TA,TA,1175,807,3,1989
282,185000,FV,Norm,Norm,Gd,Gd,Y,TA,TA,1262,0,2,2006
283,207500,RL,Norm,Norm,Gd,Ex,Y,TA,TA,1314,0,2,2007
284,244600,RL,Feedr,Norm,Gd,Ex,Y,TA,TA,1468,0,3,2008
285,179200,RL,Norm,Norm,Gd,Gd,Y,TA,TA,1575,0,2,1992
286,164700,FV,Norm,Norm,Gd,Ex,Y,TA,TA,625,625,2,2006
287,159000,RL,Norm,Norm,Gd,TA,Y,TA,TA,1085,649,3,1962
288,88000,RL,Norm,Norm,TA,TA,Y,TA,No,858,0,3,1971
289,122000,RL,Norm,Norm,TA,TA,Y,TA,TA,900,0,3,1967
290,153575,RL,RRAn,Norm,TA,Ex,Y,TA,TA,698,698,3,1915
291,233230,RL,Norm,Norm,Gd,Ex,Y,TA,TA,1079,840,3,2006
292,135900,RL,Norm,Norm,Fa,Ex,N,Fa,No,936,780,6,1912
293,131000,RL,Norm,Norm,TA,Gd,Y,TA,TA,1148,568,3,1949
294,235000,RL,PosA,Norm,Gd,Fa,Y,TA,TA,1468,795,3,1977
295,167000,RL,Norm,Norm,TA,TA,Y,TA,TA,1644,0,3,1953
296,142500,RL,Norm,Norm,TA,TA,Y,TA,TA,1003,0,3,1984
297,152000,RM,Norm,Norm,TA,TA,Y,TA,TA,910,648,4,1950
298,239000,FV,Norm,Norm,Gd,Ex,Y,TA,TA,975,975,3,1997
299,175000,RL,Norm,Norm,TA,Gd,Y,TA,TA,1041,702,3,1968
300,158500,RL,Norm,Norm,Gd,Ex,Y,TA,TA,1152,0,3,1950
301,157000,RL,Norm,Norm,TA,TA,Y,TA,TA,1336,0,2,1953
302,267000,RL,Norm,Norm,Gd,Ex,Y,TA,TA,1210,1242,4,1998
303,205000,RL,Norm,Norm,Gd,Ex,Y,TA,TA,1541,0,3,2001
304,149900,RL,Norm,Norm,TA,TA,Y,TA,TA,894,0,3,1972
305,295000,RM,Norm,Norm,Gd,Ex,Y,TA,TA,1675,1818,3,1880
306,305900,RL,Norm,Norm,Gd,Ex,Y,TA,TA,2000,0,3,2004
307,225000,RL,Feedr,Norm,Gd,Gd,Y,TA,TA,1122,1121,4,1990
308,89500,RM,Artery,Norm,Fa,TA,Y,TA,No,1035,371,3,1920
309,82500,RL,Norm,Norm,TA,Ex,Y,TA,TA,861,0,1,1940
310,360000,RL,Norm,Norm,Ex,Ex,Y,TA,TA,1944,0,3,2003
311,165600,RL,Norm,Norm,Gd,Gd,Y,TA,TA,697,804,3,1993
312,132000,RL,Norm,Norm,TA,Ex,Y,TA,TA,972,0,2,1948
313,119900,RM,Artery,Norm,TA,TA,Y,TA,TA,793,325,3,1939
314,375000,RL,Norm,Norm,TA,TA,Y,TA,TA,2036,0,3,1965
315,178000,RM,Norm,Norm,Ex,Ex,Y,Gd,TA,832,809,3,1925
316,188500,RL,Norm,Norm,Gd,Ex,Y,TA,TA,716,716,3,2004
317,260000,RL,Norm,Norm,Ex,TA,Y,TA,TA,1153,1200,4,1980
318,270000,FV,Norm,Norm,Gd,Ex,Y,TA,TA,1088,871,3,2006
319,260000,RL,Norm,Norm,Gd,Ex,Y,TA,TA,1372,1274,4,1993
320,187500,RL,Norm,Norm,TA,TA,Y,TA,TA,1472,0,3,1980
321,342643,RL,Norm,Norm,Gd,Ex,Y,Gd,TA,1249,1347,4,2006
322,354000,RL,Norm,Norm,Gd,Ex,Y,TA,TA,1136,1332,4,2004
323,301000,RL,Norm,Norm,Gd,Ex,Y,TA,TA,1553,1177,4,1986
324,126175,RM,Norm,Norm,TA,Ex,Y,TA,TA,1163,0,3,1955
325,242000,RL,PosN,Norm,Gd,Ex,Y,TA,TA,1898,1080,5,1967
326,87000,RM,RRAe,Norm,TA,Po,N,TA,TA,803,0,2,1941
327,324000,RL,Norm,Norm,Gd,Ex,Y,TA,TA,1719,0,1,1993
328,145250,RL,Norm,Norm,TA,TA,Y,TA,TA,1383,0,3,1960
329,214500,RL,PosN,Norm,Gd,Gd,N,TA,TA,1445,689,5,1916
330,78000,RM,Norm,Norm,TA,TA,N,TA,Fa,596,596,3,1920
331,119000,RL,Norm,Norm,TA,TA,Y,TA,TA,1728,0,6,1964
332,139000,RL,Norm,Norm,TA,Fa,Y,TA,TA,1056,0,3,1958
333,284000,RL,Norm,Norm,Gd,Ex,Y,TA,TA,1629,0,3,2003
334,207000,RM,Norm,Norm,Gd,Ex,Y,TA,TA,1358,0,2,2004
335,192000,RL,Norm,Norm,TA,Gd,Y,TA,TA,943,695,3,1998
336,228950,RL,Norm,Norm,TA,Ex,Y,TA,TA,1619,167,3,1965
337,377426,RL,Norm,Norm,Gd,Ex,Y,TA,TA,1922,0,3,2005
338,214000,RL,Norm,Norm,Gd,Ex,Y,TA,TA,1536,0,3,2002
339,202500,RL,Norm,Norm,Gd,Ex,Y,TA,TA,1621,0,3,1984
340,155000,RL,Feedr,Norm,TA,TA,Y,Fa,TA,1215,0,3,1958
341,202900,RL,Norm,Norm,Gd,Ex,Y,TA,TA,993,915,4,2002
342,82000,RH,Feedr,Norm,TA,Gd,Y,Fa,TA,841,0,2,1950
343,87500,RL,Norm,Norm,TA,Fa,N,No,TA,1040,0,2,1949
344,266000,RL,Norm,Norm,Ex,Ex,Y,TA,TA,1684,0,2,2005
345,85000,RM,Norm,Norm,TA,TA,Y,TA,TA,536,576,3,1976
346,140200,RL,RRAn,Norm,Fa,Gd,Y,TA,TA,972,605,3,1939
347,151500,RL,Norm,Norm,TA,TA,Y,TA,TA,958,0,2,1960
348,157500,RL,Norm,Norm,TA,Ex,Y,TA,TA,1478,0,3,1960
349,154000,RL,Norm,Norm,Gd,Ex,Y,TA,TA,764,862,2,2003
350,437154,RL,Norm,Norm,Ex,Ex,Y,TA,TA,1848,880,4,2005
351,318061,RL,Norm,Norm,Ex,Ex,Y,TA,TA,1869,0,2,2007
352,190000,RL,Norm,Norm,Gd,Gd,Y,TA,TA,1453,0,2,1986
353,95000,RL,Artery,Norm,TA,TA,N,Fa,Fa,616,495,3,1941
354,105900,RM,Norm,Norm,TA,Gd,Y,TA,TA,720,0,2,1928
355,140000,RL,Norm,Norm,TA,Ex,Y,TA,TA,1192,403,2,1940
356,177500,RL,Norm,Norm,Gd,Ex,Y,Gd,TA,1200,0,3,1995
357,173000,RL,Norm,Norm,Gd,Gd,Y,TA,TA,1167,0,3,1992
358,134000,RM,Norm,Norm,TA,TA,Y,TA,TA,1142,0,3,1976
359,130000,RL,Norm,Norm,Gd,Ex,Y,TA,TA,1352,0,3,1958
360,280000,RL,Norm,Norm,Gd,Ex,Y,TA,TA,1086,838,3,1998
361,156000,RL,Norm,Norm,TA,Ex,Y,TA,TA,912,0,2,1978
362,145000,RL,Norm,Norm,TA,Gd,Y,TA,TA,988,517,3,1940
363,198500,RL,Norm,Norm,Gd,Ex,Y,No,TA,495,1427,4,2003
364,118000,RM,Norm,Norm,Gd,Gd,Y,TA,TA,483,504,2,1972
365,190000,RL,Norm,Norm,TA,TA,Y,TA,TA,790,784,3,1976
366,147000,RM,Norm,Norm,TA,Gd,Y,Fa,Fa,672,672,3,1920
367,159000,RL,Norm,Norm,TA,Gd,Y,TA,TA,1394,0,3,1963
368,165000,RL,Norm,Norm,TA,Gd,Y,TA,TA,1431,0,3,1962
369,132000,RL,Norm,Norm,TA,Gd,Y,TA,TA,1268,0,2,1954
370,162000,RL,Norm,Norm,Gd,Ex,Y,TA,TA,1287,0,3,1959
371,172400,RL,Norm,Norm,TA,Ex,Y,TA,TA,953,711,3,2000
372,134432,RL,Feedr,Norm,TA,TA,Y,No,TA,1120,468,4,1959
373,125000,RL,Norm,Norm,TA,TA,Y,TA,TA,752,0,2,1984
374,123000,RL,Norm,Norm,TA,TA,Y,TA,TA,1319,0,3,1953
375,219500,RL,Norm,Norm,Gd,Ex,Y,TA,TA,847,1081,4,2003
376,61000,RL,Norm,Norm,Fa,Gd,N,Po,No,904,0,1,1922
377,148000,RL,Norm,Norm,TA,Ex,Y,TA,TA,914,0,2,1996
378,340000,FV,Norm,Norm,Gd,Ex,Y,TA,TA,1580,886,4,2004
379,394432,RL,Norm,Norm,Ex,Ex,Y,TA,TA,1856,0,1,2010
380,179000,RL,RRAn,Norm,TA,Ex,Y,TA,TA,1007,793,3,2000
381,127000,RL,Norm,Norm,Gd,TA,Y,TA,TA,1026,665,3,1924
382,187750,FV,Norm,Norm,Gd,Ex,Y,Gd,TA,1301,0,2,2006
383,213500,RL,Norm,Norm,Gd,Ex,Y,TA,TA,939,858,3,2006
384,76000,RH,Norm,Norm,TA,TA,N,Fa,Fa,784,0,2,1928
385,240000,RL,Feedr,Norm,Gd,Ex,Y,TA,TA,1079,874,3,1992
386,192000,RL,Norm,Norm,Gd,Ex,Y,TA,TA,1269,0,2,2004
387,81000,RL,Feedr,Norm,TA,TA,Y,TA,No,658,526,5,1910
388,125000,RL,Norm,Norm,TA,Ex,Y,TA,TA,1125,0,3,1976
389,191000,RL,Norm,Norm,Gd,Ex,Y,TA,TA,1479,0,3,1999
390,426000,RL,Norm,Norm,Ex,Ex,Y,TA,TA,1742,590,3,2007
391,119000,RL,Norm,Norm,TA,Ex,Y,Gd,TA,961,406,4,1900
392,215000,RL,Norm,Norm,Gd,Ex,Y,TA,TA,804,1157,3,2001
393,106500,RL,Norm,Norm,TA,TA,Y,No,TA,882,0,3,1959
394,100000,RL,Feedr,Norm,TA,TA,Y,TA,No,788,0,2,1941
395,109000,RL,Norm,Norm,TA,Gd,Y,TA,TA,735,299,2,1940
396,129000,RL,Norm,Norm,TA,TA,Y,TA,TA,1144,0,3,1956
397,123000,RL,Norm,Norm,TA,TA,Y,TA,TA,894,0,2,1972
398,169500,RL,PosN,Norm,TA,TA,Y,TA,TA,876,936,4,1962
399,67000,RM,Norm,Norm,TA,Gd,Y,Po,Po,1077,0,2,1920
400,241000,FV,Norm,Norm,Gd,Ex,Y,TA,TA,1112,438,2,2006
401,245500,RL,Norm,Norm,Ex,Ex,Y,TA,TA,1288,0,1,1996
402,164990,RL,Norm,Norm,Gd,Ex,Y,TA,TA,1310,0,3,2005
403,108000,RL,Norm,Norm,TA,Ex,Y,TA,TA,672,0,2,1940
404,258000,RL,Norm,Norm,Gd,Gd,Y,TA,TA,1165,1098,4,1998
405,168000,RL,Norm,Norm,TA,Gd,Y,TA,TA,806,766,3,1995
406,150000,RL,Feedr,Norm,TA,Ex,Y,TA,TA,1620,0,3,1976
407,115000,RL,Norm,Norm,TA,Ex,Y,TA,TA,1166,0,3,1936
408,177000,RL,Norm,Norm,TA,Ex,Y,TA,TA,840,840,4,1915
409,280000,RL,Norm,Norm,Gd,Ex,Y,Gd,TA,1071,1101,3,2006
410,339750,FV,Norm,Norm,Ex,Ex,Y,TA,TA,1050,1028,3,2007
411,60000,RL,Norm,Norm,TA,TA,Y,Fa,TA,1276,0,3,1958
412,145000,RL,Norm,Norm,TA,TA,N,TA,TA,1056,0,3,1955
413,222000,FV,Norm,Norm,Gd,Ex,Y,TA,TA,1478,0,2,2009
414,115000,RM,Artery,Norm,TA,Gd,Y,TA,TA,1028,0,2,1927
415,228000,RL,Norm,Norm,Gd,Ex,Y,TA,TA,1080,1017,3,1993
416,181134,RL,Norm,Norm,Gd,Ex,Y,TA,TA,1340,0,3,2007
417,149500,RL,Norm,Norm,TA,TA,Y,TA,TA,672,728,3,1978
418,239000,RL,Feedr,Norm,TA,TA,N,TA,TA,1370,1254,4,1918
419,126000,RL,Norm,Norm,TA,Fa,N,TA,TA,756,378,3,1940
420,142000,RL,Norm,Norm,TA,Ex,Y,TA,TA,1056,0,3,1968
421,206300,RM,Norm,Norm,TA,Ex,Y,Gd,TA,1344,0,2,1997
422,215000,RL,Norm,Norm,Gd,Gd,Y,TA,TA,1602,0,3,1977
423,113000,RL,Artery,Norm,TA,Ex,Y,TA,TA,988,0,2,1954
424,315000,RL,Norm,Norm,Gd,Gd,Y,TA,TA,1470,1160,4,1998
425,139000,RL,Norm,Norm,TA,Gd,Y,TA,TA,1196,0,2,1956
426,135000,RM,Norm,Norm,TA,Gd,Y,TA,TA,707,682,3,1946
427,275000,RL,Norm,Norm,Gd,Gd,Y,TA,TA,1644,0,2,1989
428,109008,RL,Norm,Norm,TA,Ex,Y,TA,TA,907,0,3,1957
429,195400,RL,Norm,Norm,Gd,Ex,Y,TA,TA,1208,0,2,2007
430,175000,RL,Norm,Norm,Gd,TA,Y,TA,TA,1412,0,3,1988
431,85400,RM,Norm,Norm,TA,TA,Y,TA,TA,483,504,2,1971
432,79900,RM,Feedr,Norm,TA,Gd,Y,TA,No,1088,110,4,1920
433,122500,RM,Norm,Norm,TA,Ex,Y,TA,TA,765,600,2,1971
434,181000,RL,Norm,Norm,TA,Ex,Y,TA,TA,926,678,3,1997
435,81000,RM,Norm,Norm,TA,Gd,Y,TA,No,630,0,1,1972
436,212000,RL,PosN,Norm,Gd,Ex,Y,TA,TA,827,834,3,1996
437,116000,RM,Norm,Norm,TA,TA,Y,TA,TA,734,384,2,1920
438,119000,RM,Norm,Norm,TA,Gd,Y,TA,TA,904,0,2,1926
439,90350,RL,Norm,Norm,Gd,TA,N,TA,TA,694,0,2,1913
440,110000,RL,Norm,Norm,Gd,Gd,Y,Fa,TA,684,512,3,1920
441,555000,RL,Norm,Norm,Ex,Ex,Y,TA,TA,2402,0,2,2008
442,118000,RL,Norm,Norm,Fa,TA,N,TA,No,1440,0,4,1955
443,162900,RM,Norm,Norm,TA,TA,Y,TA,TA,1128,445,3,1930
444,172500,RL,Norm,Norm,Gd,Ex,Y,TA,TA,1258,0,2,2006
445,210000,RL,Norm,Norm,Gd,Ex,Y,TA,TA,933,975,4,1994
446,127500,RL,Norm,Norm,TA,Fa,Y,TA,TA,1689,0,3,1956
447,190000,RL,PosA,Norm,Gd,Ex,Y,TA,TA,1888,0,2,1966
448,199900,RL,Norm,Norm,Gd,Gd,Y,TA,TA,956,930,4,1998
449,119500,RM,Norm,Norm,TA,TA,Y,TA,TA,780,596,3,1937
450,120000,RM,Norm,Norm,TA,Ex,Y,TA,TA,679,504,2,1948
451,110000,RM,Norm,Norm,Gd,Ex,Y,TA,Fa,813,0,2,1930
452,280000,RL,Norm,Norm,Gd,TA,Y,TA,TA,1533,0,2,1975
453,204000,RL,Norm,Norm,TA,Ex,Y,TA,TA,888,868,3,1996
454,210000,FV,Norm,Norm,Gd,Ex,Y,TA,TA,786,804,3,2008
455,188000,RL,Norm,Norm,TA,TA,Y,TA,TA,1728,0,4,1976
456,175500,RL,Norm,Norm,TA,Fa,Y,TA,TA,1242,0,3,1973
457,98000,RM,Norm,Norm,TA,Fa,N,TA,Fa,624,720,4,1916
458,256000,RL,Norm,Norm,Gd,Ex,Y,TA,TA,1663,0,2,1954
459,161000,RM,Norm,Norm,Gd,Fa,Y,TA,TA,833,833,3,1925
460,110000,RL,Norm,Norm,Gd,TA,Y,TA,TA,979,224,3,1950
461,263435,FV,RRAn,Norm,TA,Ex,Y,TA,TA,832,1103,3,2009
462,155000,RL,Feedr,Norm,Gd,Ex,Y,Gd,TA,575,560,3,1936
463,62383,RL,Norm,Norm,TA,Gd,Y,TA,TA,864,0,3,1965
464,188700,RL,Norm,Norm,TA,Fa,Y,TA,TA,849,811,3,1934
465,124000,RL,Norm,Norm,TA,TA,Y,TA,No,1040,0,3,1978
466,178740,RM,Norm,Norm,Gd,Ex,Y,TA,TA,1414,0,2,2004
467,167000,RL,Norm,Norm,TA,TA,Y,Gd,TA,1277,0,2,1970
468,146500,RL,Artery,Norm,Gd,Ex,Y,TA,TA,888,756,3,1942
469,250000,RL,Norm,Norm,Gd,Ex,Y,TA,TA,1634,0,3,2006
470,187000,RL,RRNe,Norm,Gd,Ex,Y,TA,TA,832,878,3,1993
471,212000,RL,Norm,Norm,Gd,TA,Y,TA,TA,1502,0,1,1985
472,190000,RL,PosA,Norm,TA,TA,Y,TA,TA,1161,808,3,1977
473,148000,RM,Norm,Norm,TA,Ex,Y,TA,TA,1072,0,2,2005
474,440000,RL,Norm,Norm,Gd,Ex,Y,TA,TA,1976,0,2,2006
475,251000,RL,Norm,Norm,Ex,Ex,Y,TA,TA,1652,0,2,2000
476,132500,RL,Norm,Norm,TA,TA,Y,TA,TA,970,0,2,1963
477,208900,RL,Norm,Norm,Gd,Ex,Y,TA,TA,1493,0,3,1997
478,380000,RL,Norm,Norm,Ex,Ex,Y,TA,TA,2069,574,3,2006
479,297000,RL,Norm,Norm,Gd,Ex,Y,TA,TA,1718,0,3,2007
480,89471,RM,Norm,Norm,TA,TA,Y,TA,TA,1131,0,2,1937
481,326000,RL,Norm,Norm,Gd,Ex,Y,TA,TA,1850,0,3,2004
482,374000,RL,Norm,Norm,Ex,Ex,Y,TA,TA,1792,0,2,2003
483,155000,RM,Norm,Norm,Ex,Ex,Y,TA,Fa,916,910,4,1915
484,164000,RM,Norm,Norm,TA,Ex,Y,TA,TA,1216,0,2,1998
485,132500,RL,Norm,Norm,Gd,Gd,Y,TA,TA,999,0,3,1962
486,147000,RL,Norm,Norm,Gd,Gd,Y,TA,TA,1113,0,3,1950
487,156000,RL,Norm,Norm,TA,TA,Y,TA,TA,1073,0,3,1965
488,175000,RL,Norm,Norm,TA,Gd,Y,TA,TA,1484,0,3,1971
489,160000,RL,Norm,Norm,TA,TA,N,Fa,Fa,1766,648,3,1900
490,86000,RM,Norm,Norm,Gd,TA,Y,TA,TA,630,0,1,1970
491,115000,RM,Norm,Norm,TA,TA,Y,TA,TA,616,688,3,1976
492,133000,RL,Artery,Norm,Fa,TA,Y,TA,TA,958,620,3,1941
493,172785,RL,Norm,Norm,TA,Gd,Y,TA,TA,728,728,3,2006
494,155000,RL,Norm,Norm,TA,TA,Y,TA,TA,1269,0,3,1960
495,91300,RM,Artery,Norm,TA,Gd,Y,TA,TA,886,0,2,1938
496,34900,C (all),Norm,Norm,TA,TA,N,TA,No,720,0,2,1920
497,430000,RL,Norm,Norm,Gd,Ex,Y,TA,TA,3228,0,4,1992
498,184000,RL,Norm,Norm,TA,Ex,Y,TA,TA,1133,687,4,1925
499,130000,RL,Norm,Norm,Gd,Ex,Y,TA,TA,899,0,3,1967
500,120000,RL,Norm,Norm,TA,Fa,Y,TA,TA,912,0,2,1958
501,113000,RM,Norm,Norm,TA,TA,Y,TA,TA,672,546,3,1973
502,226700,FV,Norm,Norm,Gd,Gd,Y,TA,TA,866,902,3,2005
503,140000,RL,Feedr,Norm,TA,Ex,Y,TA,Fa,1214,0,2,1965
504,289000,RL,Norm,Norm,TA,TA,Y,TA,TA,1801,0,1,1959
505,147000,RL,Norm,Norm,TA,TA,Y,TA,TA,855,467,3,1974
506,124500,RM,Artery,Norm,TA,Gd,Y,TA,TA,960,1000,4,1952
507,215000,RL,Norm,Norm,Gd,Ex,Y,TA,TA,1065,846,3,1993
508,208300,FV,Norm,Norm,Gd,Ex,Y,TA,TA,1218,0,2,2009
509,161000,RM,Norm,Norm,Gd,Ex,Y,TA,TA,689,689,3,1928
510,124500,RL,Norm,Norm,TA,Ex,Y,TA,TA,1041,0,3,1959
511,164900,RL,Norm,Norm,TA,Ex,Y,TA,TA,1363,0,2,1951
512,202665,RL,Norm,Norm,Gd,Ex,Y,TA,TA,1368,0,2,2005
513,129900,RL,Feedr,Norm,TA,TA,Y,TA,TA,864,0,3,1958
514,134000,RL,Norm,Norm,TA,TA,Y,TA,TA,1080,0,3,1983
515,96500,RL,Norm,Norm,TA,Fa,N,TA,Po,789,0,2,1926
516,402861,RL,Norm,Norm,Ex,Ex,Y,TA,TA,2020,0,3,2009
517,158000,RL,Norm,Norm,TA,TA,Y,TA,TA,1378,741,3,1972
518,265000,RL,Norm,Norm,Gd,Ex,Y,TA,TA,1277,1067,3,1996
519,211000,RL,Norm,Norm,TA,Ex,Y,TA,TA,882,914,3,1998
520,234000,RL,Norm,Norm,Gd,Ex,Y,TA,TA,1276,804,3,1926
521,106250,RL,Norm,Norm,TA,TA,N,No,No,694,600,3,1900
522,150000,RL,Feedr,Norm,TA,Ex,Y,TA,TA,1244,0,3,1957
523,159000,RM,Feedr,Norm,TA,Ex,Y,TA,TA,1004,660,3,1947
524,184750,RL,PosN,PosN,Ex,Ex,Y,TA,TA,3138,1538,3,2007
525,315750,RL,Norm,Norm,Gd,Ex,Y,TA,TA,1383,1015,3,1996
526,176000,FV,Norm,Norm,Gd,Ex,Y,TA,TA,1266,0,3,2005
527,132000,RL,Norm,Norm,TA,TA,Y,TA,TA,928,0,2,1956
528,446261,RL,Norm,Norm,Ex,Ex,Y,TA,TA,1476,1237,3,2008
529,86000,RL,Norm,Norm,TA,Ex,Y,TA,No,605,0,2,1920
530,200624,RL,Norm,Norm,TA,TA,Y,TA,TA,2515,0,4,1957
531,175000,RL,Norm,Norm,Gd,Ex,Y,TA,TA,1509,0,3,1988
532,128000,RM,RRNn,Feedr,TA,Ex,Y,Fa,Fa,751,611,3,1920
533,107500,RL,Norm,Norm,TA,Ex,Y,No,TA,827,0,2,1955
534,39300,RL,Norm,Norm,Fa,Fa,N,No,No,334,0,1,1946
535,178000,RL,Norm,Norm,Gd,Ex,Y,Gd,TA,707,707,3,2004
536,107500,RL,Norm,Norm,TA,TA,Y,TA,No,820,527,3,1910
537,188000,RL,Norm,Norm,Gd,Ex,Y,TA,TA,880,844,3,1998
538,111250,RL,Norm,Norm,TA,TA,Y,TA,TA,864,0,3,1972
539,158000,RL,Norm,Norm,TA,TA,Y,TA,TA,1159,0,3,1968
540,272000,RL,Norm,Norm,Gd,Ex,Y,TA,TA,1601,0,3,2001
541,315000,RL,Norm,Norm,Ex,Ex,Y,TA,TA,1838,0,2,2006
542,248000,RL,Norm,Norm,Gd,Ex,Y,TA,TA,997,1288,4,2000
543,213250,RL,RRAn,Norm,Gd,Ex,Y,TA,TA,1680,0,3,1998
544,133000,RH,Norm,Norm,TA,Ex,Y,TA,TA,767,0,1,1998
545,179665,RL,Norm,Norm,Gd,Ex,Y,Gd,TA,664,832,3,2006
546,229000,RL,Norm,Norm,Gd,Gd,Y,Gd,TA,1377,806,4,1988
547,210000,RL,Norm,Norm,TA,Ex,Y,TA,TA,915,720,3,1923
548,129500,RL,Norm,Norm,TA,Ex,Y,TA,TA,768,0,2,1970
549,125000,RM,Feedr,RRNn,TA,TA,Y,TA,TA,825,0,2,1955
550,263000,FV,Norm,Norm,Gd,Ex,Y,TA,TA,912,1182,4,2003
551,140000,RL,Norm,Norm,TA,TA,Y,TA,TA,1069,0,2,1977
552,112500,RM,Norm,Norm,TA,Gd,Y,TA,TA,928,0,3,1957
553,255500,RL,Norm,Norm,Gd,Ex,Y,TA,TA,1717,0,3,2006
554,108000,RL,Feedr,Norm,Gd,Ex,Y,No,TA,1126,0,2,1949
555,284000,RL,Norm,Norm,Gd,Ex,Y,TA,TA,1006,1040,3,2003
556,113000,RM,Norm,Norm,TA,TA,Y,Fa,TA,1048,0,2,1922
557,141000,RL,Norm,Norm,TA,TA,Y,TA,TA,1092,0,2,1957
558,108000,C (all),Norm,Norm,TA,Gd,Y,TA,TA,897,439,3,1920
559,175000,RL,Norm,Norm,TA,Ex,Y,TA,TA,729,717,3,1996
560,234000,RL,Norm,Norm,Gd,Ex,Y,TA,TA,1557,0,2,2003
561,121500,RL,Norm,Norm,TA,TA,Y,TA,TA,1392,0,3,1957
562,170000,RL,Norm,Norm,TA,Gd,Y,TA,TA,1389,0,2,1974
563,108000,RL,Norm,Norm,TA,Ex,Y,TA,No,996,0,3,1940
564,185000,RL,Norm,Norm,TA,Ex,Y,TA,TA,1163,511,4,1918
565,268000,RL,Norm,Norm,Gd,Ex,Y,TA,TA,1166,1129,4,1992
566,128000,RL,Norm,Norm,Fa,TA,N,TA,TA,841,806,4,1915
567,325000,RL,Norm,Norm,Ex,Ex,Y,Gd,TA,1134,1370,4,2005
568,214000,RL,Norm,Norm,Gd,Ex,Y,TA,TA,1535,0,3,2004
569,316600,RL,Norm,Norm,Gd,Ex,Y,TA,TA,1496,636,1,1983
570,135960,RL,Norm,Norm,TA,TA,Y,TA,TA,943,0,2,1979
571,142600,RL,Norm,Norm,TA,TA,Y,TA,TA,1728,0,6,1965
572,120000,RL,Norm,Norm,Gd,Ex,Y,TA,TA,864,0,2,1959
573,224500,RL,Norm,Norm,Gd,Gd,Y,TA,TA,846,846,3,2009
574,170000,RL,Norm,Norm,TA,Ex,Y,TA,TA,774,656,3,2000
575,139000,RL,Norm,Norm,TA,TA,Y,TA,TA,576,533,3,1971
576,118500,RL,Norm,Norm,TA,TA,Y,TA,TA,832,384,2,1947
577,145000,RL,Norm,Norm,TA,Gd,Y,TA,TA,877,600,3,1928
578,164500,RL,Norm,Norm,TA,Ex,Y,TA,TA,1320,0,3,1966
579,146000,FV,Norm,Norm,Gd,Ex,Y,TA,TA,703,689,2,2007
580,131500,RM,Norm,Norm,TA,Ex,N,TA,TA,1050,745,4,1954
581,181900,RL,Norm,Norm,Gd,Ex,Y,TA,TA,1429,0,3,1960
582,253293,RL,Norm,Norm,Ex,Ex,Y,TA,TA,2042,0,3,2008
583,118500,RL,Norm,Norm,TA,TA,Y,TA,No,816,0,3,1990
584,325000,RM,Artery,PosA,Gd,Gd,Y,TA,TA,1521,1254,3,1893
585,133000,RM,Norm,Norm,Gd,Ex,Y,TA,TA,989,584,3,1935
586,369900,RL,Norm,Norm,Gd,Ex,Y,TA,TA,2028,0,2,2005
587,130000,RL,RRAn,Norm,Fa,Ex,Y,Gd,TA,838,0,2,1918
588,137000,RL,Norm,Norm,TA,TA,Y,TA,TA,860,0,2,1982
589,143000,RL,Norm,Norm,Ex,Ex,Y,TA,TA,1473,0,1,1968
590,79500,RM,RRAn,Feedr,TA,TA,Y,TA,TA,779,0,2,1930
591,185900,RL,Norm,Norm,Gd,Ex,Y,TA,TA,770,812,3,2004
592,451950,RL,Norm,Norm,Ex,Ex,Y,TA,TA,1728,568,3,2008
593,138000,RL,Norm,Norm,TA,Ex,Y,Gd,TA,816,0,2,1982
594,140000,RM,Norm,Norm,Gd,Ex,Y,TA,TA,848,0,1,2003
595,110000,RL,Norm,Norm,TA,TA,Y,TA,TA,924,0,3,1975
596,319000,RL,Norm,Norm,Gd,Ex,Y,TA,TA,1826,0,3,2005
597,114504,RM,Norm,Norm,TA,Ex,N,TA,Fa,684,684,3,1910
598,194201,RL,Norm,Norm,Gd,Ex,Y,TA,TA,1402,0,2,2006
599,217500,RL,Norm,Norm,Gd,Ex,Y,TA,TA,1647,0,3,1977
600,151000,RM,Norm,Norm,TA,TA,Y,TA,TA,716,840,3,1980
601,275000,RL,Norm,Norm,Ex,Ex,Y,TA,TA,1058,846,3,2005
602,141000,RM,Norm,Norm,Gd,TA,Y,TA,TA,780,595,3,1937
603,220000,RL,Norm,Norm,Gd,Ex,Y,TA,TA,927,988,3,1992
604,151000,FV,Norm,Norm,Gd,Ex,Y,TA,TA,600,600,2,2004
605,221000,RL,Norm,Norm,Gd,Ex,Y,TA,TA,1494,0,3,2002
606,205000,RL,Norm,Norm,TA,TA,Y,TA,TA,1186,800,3,1965
607,152000,RL,Norm,Norm,Gd,Gd,Y,TA,TA,1040,0,3,1996
608,225000,RL,Norm,Norm,Ex,Ex,Y,Gd,TA,1112,896,3,1948
609,359100,RL,Norm,Norm,TA,TA,Y,TA,TA,1940,1254,4,1934
610,118500,RL,Feedr,Norm,TA,Gd,Y,TA,TA,1029,0,3,1961
611,313000,RL,PosN,Norm,Ex,Ex,Y,TA,TA,1476,677,3,2000
612,148000,RL,Norm,Norm,TA,TA,Y,TA,TA,1032,0,3,1978
613,261500,RL,Norm,Norm,Ex,Ex,Y,TA,TA,1299,573,3,2001
614,147000,RL,Feedr,Norm,TA,Ex,Y,TA,No,1120,0,3,2007
615,75500,RM,Norm,Norm,TA,Ex,Y,TA,No,630,0,1,1972
616,137500,RL,Feedr,Norm,Gd,Ex,Y,TA,TA,1054,0,3,1963
617,183200,RL,Norm,Norm,Gd,Ex,Y,TA,TA,807,702,3,2002
618,105500,RL,Artery,Norm,Gd,Gd,Y,TA,TA,832,0,2,1954
619,314813,RL,Norm,Norm,Gd,Ex,Y,TA,TA,1828,0,3,2007
620,305000,RL,Norm,Norm,Gd,Ex,Y,TA,TA,1482,780,4,2003
621,67000,RL,Norm,Norm,TA,TA,N,TA,No,864,0,2,1914
622,240000,RL,Norm,Norm,TA,TA,Y,TA,TA,1548,1066,4,1974
623,135000,RL,Norm,Norm,TA,TA,Y,TA,TA,980,0,3,1977
624,168500,FV,Norm,Norm,Gd,Ex,Y,TA,TA,756,756,2,2000
625,165150,RL,Norm,Norm,TA,Gd,Y,TA,TA,1012,778,4,1972
626,160000,RL,Norm,Norm,TA,TA,Y,TA,TA,1116,0,3,1962
627,139900,RL,Norm,Norm,TA,TA,Y,TA,TA,1422,0,3,1960
628,153000,RL,Norm,Norm,TA,Ex,Y,TA,TA,1520,0,3,1955
629,135000,RL,Norm,Norm,Fa,TA,Y,TA,TA,1040,1040,5,1969
630,168500,RL,Feedr,Norm,TA,TA,Y,TA,TA,1350,0,3,1964
631,124000,RM,Artery,Norm,Ex,TA,Y,Fa,Po,1089,661,3,1880
632,209500,RL,Norm,Norm,Gd,Ex,Y,Gd,TA,1554,0,2,2006
633,82500,RL,Norm,Norm,TA,TA,Y,TA,TA,1411,0,3,1977
634,139400,RL,Norm,Norm,TA,TA,Y,TA,TA,1056,0,3,1954
635,144000,RL,Norm,Norm,TA,Gd,Y,TA,TA,1056,0,0,1980
636,200000,RH,Feedr,Norm,Fa,Ex,Y,Fa,No,1440,1440,8,1914
637,60000,RM,Norm,Norm,Fa,Fa,N,Fa,No,800,0,1,1936
638,93000,RM,Norm,Norm,Gd,TA,Y,TA,TA,811,576,3,1954
639,85000,RL,Feedr,Norm,TA,Gd,Y,TA,No,796,0,2,1910
640,264561,RL,Norm,Norm,Ex,Ex,Y,Gd,TA,1567,0,1,2006
641,274000,RL,Norm,Norm,Ex,Ex,Y,TA,TA,1518,0,1,2003
642,226000,FV,Norm,Norm,Gd,Ex,Y,TA,TA,1057,872,3,2001
643,345000,RL,Norm,Norm,Ex,Gd,Y,TA,TA,2000,704,4,1972
644,152000,RL,RRAn,Norm,TA,Ex,Y,TA,TA,780,840,4,1969
645,370878,FV,Norm,Norm,Ex,Ex,Y,TA,TA,1766,0,2,2009
646,143250,RL,Norm,Norm,TA,TA,Y,TA,TA,981,0,3,1971
647,98300,RL,Norm,Norm,TA,Gd,Y,No,TA,1048,0,3,1950
648,155000,RL,Norm,Norm,TA,Ex,Y,TA,TA,1094,0,3,1953
649,155000,RL,PosN,Norm,TA,TA,Y,TA,TA,1051,788,4,1966
650,84500,RM,Norm,Norm,TA,Gd,Y,TA,No,630,0,1,1970
651,205950,FV,Norm,Norm,Gd,Ex,Y,TA,TA,822,843,3,2007
652,108000,RL,Artery,Norm,TA,TA,Y,TA,Po,755,755,4,1940
653,191000,RL,Norm,Norm,Gd,Ex,Y,TA,TA,909,807,2,1996
654,135000,RM,Norm,Norm,TA,Ex,Y,TA,TA,756,713,3,1906
655,350000,RL,Norm,Norm,Gd,Ex,Y,TA,TA,2113,0,2,1995
656,88000,RM,Norm,Norm,TA,TA,Y,TA,TA,525,567,3,1971
657,145500,RL,Norm,Norm,Gd,Ex,Y,TA,TA,1053,0,3,1959
658,149000,RL,Norm,Norm,TA,TA,Y,TA,TA,851,651,3,1931
659,97500,RL,Artery,Norm,TA,TA,Y,TA,TA,912,546,3,1948
660,167000,RL,Norm,Norm,TA,Ex,Y,TA,TA,1486,0,3,1964
661,197900,RL,Norm,Norm,TA,TA,Y,TA,TA,1142,793,3,1976
662,402000,RL,Norm,Norm,Gd,Ex,Y,Gd,TA,1686,762,4,1994
663,110000,RL,Norm,Norm,TA,Gd,Y,Fa,TA,1392,0,2,1968
664,137500,RL,Norm,Norm,TA,TA,Y,TA,TA,1181,0,3,1972
665,423000,RL,RRAn,Norm,Ex,Ex,Y,TA,TA,2097,0,1,2005
666,230500,RL,Norm,Norm,Gd,Ex,Y,TA,TA,1454,482,3,2000
667,129000,RL,Norm,Norm,TA,TA,Y,TA,TA,1465,915,3,1965
668,193500,RL,Norm,Norm,Gd,Ex,Y,TA,TA,1679,0,3,1994
669,168000,RL,Norm,Norm,TA,Gd,Y,TA,TA,1437,0,3,1956
670,137500,RL,Norm,Norm,Fa,Ex,Y,TA,Fa,1180,0,2,1922
671,173500,RL,Norm,Norm,Gd,Ex,Y,TA,TA,738,738,3,2005
672,103600,RH,Artery,Norm,TA,TA,N,TA,TA,697,672,3,1925
673,165000,RL,Norm,Norm,TA,TA,Y,TA,TA,1208,0,3,1977
674,257500,RL,Norm,Norm,Gd,Ex,Y,TA,TA,1839,0,3,1957
675,140000,RL,Norm,Norm,TA,TA,Y,TA,TA,1136,0,3,1965
676,148500,RL,Norm,Norm,TA,TA,Y,TA,TA,855,586,3,1978
677,87000,RM,Norm,Norm,TA,Fa,N,Fa,Fa,1095,679,4,1900
678,109500,RL,Norm,Norm,Gd,Ex,Y,TA,Fa,792,0,2,1924
679,372500,RL,Norm,Norm,Gd,Ex,Y,TA,TA,2046,0,3,2008
680,128500,RL,Norm,Norm,TA,TA,Y,TA,TA,988,0,3,1961
681,143000,RL,Norm,Norm,TA,TA,Y,TA,TA,923,0,2,1980
682,159434,RH,Norm,Norm,TA,Ex,Y,TA,TA,848,672,3,1932
683,173000,RL,Norm,Norm,Gd,Ex,Y,TA,TA,1291,0,2,1996
684,285000,RL,Norm,Norm,Gd,Ex,Y,TA,TA,1668,0,3,2002
685,221000,RL,Norm,Norm,TA,Gd,Y,TA,TA,1195,644,4,1998
686,207500,RL,Norm,Norm,Gd,Gd,Y,TA,TA,1190,900,3,1984
687,227875,FV,Norm,Norm,Gd,Ex,Y,TA,TA,874,887,3,2007
688,148800,FV,Norm,Norm,Gd,Ex,Y,TA,TA,551,551,2,2004
689,392000,RL,Norm,Norm,Gd,Ex,Y,TA,TA,1419,0,2,2007
690,194700,RL,Norm,Norm,Gd,Ex,Y,TA,TA,1362,0,2,2005
691,141000,RM,Norm,Norm,Gd,Ex,Y,TA,TA,848,0,1,2004
692,755000,RL,Norm,Norm,Ex,Ex,Y,TA,TA,2444,1872,4,1994
693,335000,RL,Norm,Norm,Gd,Ex,Y,TA,TA,1238,1281,4,1989
694,108480,RL,Norm,Norm,TA,Ex,Y,TA,TA,1073,0,2,1921
695,141500,RM,Norm,Norm,TA,TA,Y,TA,TA,1067,472,3,1936
696,176000,RL,Norm,Norm,Gd,Gd,Y,Gd,TA,1137,0,2,1987
697,89000,RM,Norm,Norm,TA,Gd,Y,TA,TA,616,0,2,1921
698,123500,RL,Norm,Norm,TA,Fa,Y,Gd,TA,1148,0,2,1952
699,138500,RL,RRAe,Norm,TA,Ex,Y,TA,TA,894,0,3,1965
700,196000,FV,Norm,Norm,Gd,Ex,Y,TA,TA,1391,0,2,2004
701,312500,RL,Norm,Norm,Gd,Ex,Y,TA,TA,1800,0,3,2002
702,140000,RL,Norm,Norm,TA,TA,Y,TA,TA,1164,0,3,1969
703,361919,RL,Norm,Norm,Ex,Ex,Y,Gd,TA,1264,1312,4,2006
704,140000,RM,Feedr,Norm,Gd,Gd,Y,TA,TA,1032,780,4,1900
705,213000,RL,Norm,Norm,Gd,Ex,Y,TA,TA,1484,0,3,2004
706,55000,RM,Norm,Norm,Fa,Fa,N,No,No,372,720,3,1930
707,302000,RL,Norm,Norm,Gd,TA,Y,TA,TA,1824,0,2,1971
708,254000,RL,Norm,Norm,Gd,Ex,Y,TA,TA,1324,0,2,2006
709,179540,RL,Norm,Norm,Gd,Ex,Y,TA,TA,728,728,3,2007
710,109900,RL,Norm,Norm,TA,TA,Y,TA,TA,904,0,3,1966
711,52000,RL,Norm,Norm,TA,Gd,Y,TA,No,729,0,2,1935
712,102776,C (all),Norm,Norm,TA,Gd,Y,TA,TA,859,319,2,1900
713,189000,RL,Norm,Norm,Gd,Gd,Y,TA,TA,1228,0,2,1988
714,129000,RL,RRAn,Norm,TA,TA,N,TA,TA,960,0,3,1970
715,130500,RL,RRAe,Norm,Gd,Ex,Y,TA,TA,725,754,3,1976
716,165000,RL,Norm,Norm,TA,TA,Y,TA,TA,1350,0,3,1974
717,159500,RM,Norm,Norm,TA,Ex,Y,TA,TA,1576,978,3,1890
718,157000,RL,Norm,Norm,Gd,Gd,Y,TA,TA,1178,0,3,1973
719,341000,RL,Norm,Norm,Gd,Ex,Y,TA,TA,1325,1093,3,1993
720,128500,RL,Norm,Norm,TA,TA,Y,TA,TA,971,0,3,1969
721,275000,RL,Norm,Norm,Gd,TA,Y,TA,TA,1742,0,2,1985
722,143000,RM,Norm,Norm,Gd,Ex,Y,TA,TA,848,0,1,2004
723,124500,RL,Norm,Norm,TA,Ex,Y,TA,TA,864,0,3,1970
724,135000,RL,Norm,Norm,TA,Ex,Y,TA,TA,997,473,4,1954
725,320000,RL,Norm,Norm,Ex,Ex,Y,TA,TA,1698,0,3,2007
726,120500,RL,Norm,Norm,Gd,TA,Y,TA,TA,864,0,3,1970
727,222000,RL,Norm,Norm,Gd,Ex,Y,TA,TA,1680,0,3,1988
728,194500,RL,Norm,Norm,Gd,Ex,Y,TA,TA,1232,0,2,2007
729,110000,RL,Norm,Norm,TA,TA,Y,TA,TA,1776,0,4,1958
730,103000,RM,Norm,Norm,TA,TA,Y,TA,TA,848,0,2,1925
731,236500,RL,Norm,Norm,Gd,Ex,Y,TA,TA,1616,0,2,1995
732,187500,RL,Norm,Norm,Gd,Ex,Y,TA,TA,1146,0,3,2003
733,222500,RL,Norm,Norm,Gd,Ex,Y,TA,TA,1153,878,3,1998
734,131400,RL,Feedr,Norm,TA,Ex,Y,TA,TA,1144,0,3,1961
735,108000,RL,Norm,Norm,TA,TA,Y,TA,TA,948,0,3,1968
736,163000,RM,Norm,Norm,TA,Fa,N,TA,TA,880,888,2,1914
737,93500,RL,Norm,Norm,TA,Gd,N,No,TA,1040,0,2,1950
738,239900,RL,Norm,Norm,Gd,Ex,Y,TA,TA,901,900,3,2005
739,179000,RL,Norm,Norm,TA,TA,Y,Gd,No,1200,0,3,1987
740,190000,RL,Norm,Norm,Gd,Ex,Y,TA,TA,864,864,3,2004
741,132000,RM,Norm,Norm,TA,Ex,Y,Fa,Gd,768,664,2,1910
742,142000,RL,Feedr,Norm,Gd,Gd,Y,TA,TA,912,0,3,1961
743,179000,RL,Norm,Norm,TA,Ex,Y,TA,TA,1349,0,3,2000
744,175000,RL,Norm,Norm,TA,Ex,Y,TA,TA,1464,0,3,1963
745,180000,RL,Norm,Norm,Gd,Gd,Y,TA,TA,1337,0,2,1993
746,299800,RL,Norm,Norm,Gd,Ex,Y,Gd,TA,1175,1540,4,1976
747,236000,RL,Norm,Norm,Gd,Ex,Y,TA,TA,980,1276,4,2000
748,265979,RM,Norm,Norm,Gd,TA,N,Fa,TA,1320,1320,4,1880
749,260400,RL,Norm,Norm,Gd,Ex,Y,TA,TA,1720,0,3,1996
750,98000,RL,Norm,Norm,TA,TA,N,No,TA,1088,441,4,1945
751,96500,RM,Norm,Norm,TA,Gd,Y,Fa,No,792,348,3,1910
752,162000,RL,RRAn,Norm,Gd,Ex,Y,TA,TA,660,660,3,2003
753,217000,RL,Norm,Norm,Gd,Ex,Y,TA,TA,1494,0,3,1997
754,275500,RL,Norm,Norm,Ex,Gd,Y,TA,TA,1038,1060,3,2005
755,156000,RL,Norm,Norm,Gd,Gd,Y,TA,TA,1026,0,3,1969
756,172500,FV,Norm,Norm,TA,Gd,Y,TA,TA,742,729,3,1999
757,212000,RL,Norm,Norm,Gd,Ex,Y,TA,TA,866,902,3,2007
758,158900,RL,Norm,Norm,TA,TA,Y,TA,TA,672,714,3,1978
759,179400,FV,Norm,Norm,TA,Gd,Y,TA,TA,757,744,3,1999
760,290000,RL,Norm,Norm,Gd,Ex,Y,TA,TA,1328,1203,4,1995
761,127500,RL,Norm,Norm,TA,Ex,Y,TA,Ex,864,0,2,1959
762,100000,RM,Feedr,Norm,Fa,TA,Y,TA,TA,1301,0,2,1924
763,215200,FV,Norm,Norm,Gd,Ex,Y,TA,TA,764,783,3,2009
764,337000,RL,Norm,Norm,Gd,Ex,Y,TA,TA,1268,1097,3,1999
765,270000,RL,Norm,Norm,Ex,Ex,Y,Gd,TA,1494,0,2,1995
766,264132,RL,Norm,Norm,Ex,Ex,Y,TA,TA,1506,0,2,2008
767,196500,RL,Norm,Norm,TA,TA,Y,TA,TA,980,734,3,1988
768,160000,RL,Norm,Norm,TA,Ex,Y,TA,TA,983,767,4,1940
769,216837,RL,Norm,Norm,Gd,Ex,Y,TA,TA,1836,0,3,2004
770,538000,RL,Norm,Norm,Ex,Ex,Y,TA,TA,1690,1589,4,2003
771,134900,RL,Norm,Norm,TA,TA,Y,TA,TA,858,0,2,1982
772,102000,RL,Norm,Norm,TA,TA,Y,Fa,TA,1220,0,2,1951
773,107000,RL,Norm,Norm,TA,TA,Y,TA,TA,1117,0,3,1976
774,114500,RL,Feedr,Norm,TA,Ex,Y,TA,TA,912,0,2,1958
775,395000,RL,Norm,Norm,Gd,Gd,Y,TA,TA,1973,0,3,2006
776,162000,RM,Norm,Norm,TA,Ex,Y,TA,TA,1204,0,2,1998
777,221500,RL,Norm,Norm,Gd,Ex,Y,TA,TA,1614,0,3,2005
778,142500,RL,Norm,Norm,TA,TA,Y,TA,TA,894,0,3,1974
779,144000,RH,Feedr,Norm,TA,TA,Y,No,TA,2020,0,4,1977
780,135000,RL,Norm,Norm,TA,TA,Y,TA,TA,1004,0,2,1977
781,176000,RL,Norm,Norm,TA,Gd,Y,Gd,TA,1253,0,3,1995
782,175900,RL,Norm,Norm,Gd,Ex,Y,TA,TA,810,793,3,1992
783,187100,RL,Norm,Norm,Gd,Ex,Y,TA,TA,1430,0,3,2001
784,165500,RL,Norm,Norm,Gd,Ex,Y,TA,TA,1110,0,1,1978
785,128000,RM,Norm,Norm,TA,Ex,Y,TA,No,742,742,3,1914
786,161500,RL,Feedr,Norm,TA,TA,Y,TA,TA,1342,0,3,1967
787,139000,RM,Artery,Norm,TA,TA,Y,TA,TA,966,686,4,1915
788,233000,RL,Norm,Norm,Gd,Ex,Y,TA,TA,956,1128,4,2004
789,107900,RM,Norm,Norm,TA,Ex,Y,TA,TA,901,0,2,1954
790,187500,RL,Norm,Norm,Gd,Gd,Y,Fa,TA,976,1111,5,1966
791,160200,RL,Norm,Norm,Gd,Ex,Y,TA,TA,1145,0,2,2005
792,146800,RL,Norm,Norm,TA,TA,Y,TA,TA,1062,0,3,1976
793,269790,RL,Norm,Norm,TA,Ex,Y,TA,TA,1127,886,3,1996
794,225000,RL,Norm,Norm,Gd,Ex,Y,TA,TA,1496,0,3,2007
795,194500,RL,Norm,Norm,Gd,Ex,Y,TA,TA,1086,809,3,1994
796,171000,RL,Norm,Norm,TA,TA,Y,TA,TA,888,676,3,1980
797,143500,RL,Norm,Norm,TA,Ex,Y,TA,TA,1285,0,3,1977
798,110000,RL,Norm,Norm,TA,Gd,Y,TA,TA,773,0,2,1953
799,485000,RL,Norm,Norm,Ex,Ex,Y,TA,TA,1966,1174,4,2008
800,175000,RL,Feedr,Norm,Gd,Ex,Y,TA,TA,981,787,3,1937
801,200000,RL,Feedr,Norm,Gd,Gd,Y,TA,TA,616,1072,4,1997
802,109900,RM,Norm,Norm,TA,Ex,Y,TA,TA,1196,0,2,1916
803,189000,RL,Norm,Norm,Gd,Ex,Y,TA,TA,728,728,3,2005
804,582933,RL,Norm,Norm,Ex,Ex,Y,TA,TA,1734,1088,4,2008
805,118000,RL,Norm,Norm,TA,TA,Y,TA,TA,1128,0,2,1954
806,227680,RL,Norm,Norm,Ex,Ex,Y,TA,TA,1428,0,3,2008
807,135500,RL,Norm,Norm,TA,Gd,Y,TA,TA,980,0,3,1967
808,223500,RL,Norm,Norm,Gd,Ex,Y,TA,TA,1072,504,3,1923
809,159950,RL,Norm,Norm,TA,TA,Y,TA,TA,1086,0,3,1966
810,106000,RM,Norm,Norm,TA,TA,N,TA,Po,1075,1063,2,1898
811,181000,RL,Norm,Norm,Gd,Fa,Y,TA,TA,1309,0,3,1974
812,144500,RM,Norm,Norm,Gd,Ex,Y,TA,TA,848,0,1,2004
813,55993,C (all),Norm,Norm,Fa,TA,N,TA,TA,1044,0,2,1952
814,157900,RL,Norm,Norm,TA,Gd,Y,TA,TA,1442,0,4,1958
815,116000,RL,Norm,Norm,Fa,Gd,Y,TA,TA,686,564,3,1918
816,224900,RL,Norm,Norm,Gd,Ex,Y,TA,TA,1661,0,3,1998
817,137000,RL,Norm,Norm,TA,Gd,Y,TA,TA,1008,0,2,1954
818,271000,RL,Norm,Norm,Gd,Ex,Y,TA,TA,1689,0,3,2002
819,155000,RL,Norm,Norm,TA,Gd,Y,TA,TA,1052,0,3,1971
820,224000,RL,Norm,Norm,Gd,Ex,Y,TA,TA,1358,0,2,2009
821,183000,RL,Norm,Norm,Gd,Ex,Y,TA,TA,798,842,3,2003
822,93000,RM,Norm,Norm,TA,TA,N,TA,TA,936,0,2,1953
823,225000,RL,Norm,Norm,Gd,Ex,Y,TA,TA,847,886,3,2003
824,139500,RL,Norm,Norm,TA,TA,Y,TA,TA,944,545,3,1940
825,232600,FV,Norm,Norm,Gd,Ex,Y,Gd,TA,1489,0,3,2006
826,385000,RL,PosN,PosN,Ex,Ex,Y,TA,TA,2084,0,2,2007
827,109500,RM,Norm,Norm,Gd,Gd,Y,TA,No,784,0,2,1924
828,189000,RL,Norm,Norm,Gd,Ex,Y,TA,TA,1434,0,3,2001
829,185000,RL,Norm,Norm,TA,TA,Y,Gd,TA,1160,966,3,1967
830,147400,FV,Norm,Norm,Gd,Ex,Y,TA,TA,520,623,2,2005
831,166000,RL,Norm,Norm,TA,TA,Y,TA,TA,1392,0,3,1957
832,151000,FV,Norm,Norm,Gd,Ex,Y,TA,TA,520,600,2,2005
833,237000,RL,Norm,Norm,Gd,Ex,Y,TA,TA,941,888,3,2003
834,167000,RL,Norm,Norm,TA,TA,Y,TA,TA,1516,0,3,1964
835,139950,RL,Norm,Norm,TA,Gd,Y,TA,TA,1144,0,3,1961
836,128000,RL,Norm,Norm,Gd,TA,Y,TA,TA,1067,0,2,1950
837,153500,RM,Norm,Norm,TA,Gd,Y,TA,TA,1559,0,2,1948
838,100000,RM,Norm,Norm,TA,TA,Y,TA,TA,483,504,2,1973
839,144000,RL,Norm,Norm,Gd,Ex,Y,TA,TA,1099,0,3,1995
840,130500,RL,Norm,Norm,TA,Ex,Y,TA,TA,768,432,3,1946
841,140000,RH,Norm,Norm,Fa,TA,N,TA,TA,810,672,4,1925
842,157500,RM,Norm,Norm,Gd,Gd,Y,TA,TA,958,581,3,1904
843,174900,RL,Norm,Norm,TA,TA,Y,TA,Gd,1165,0,3,1966
844,141000,RL,Artery,Norm,TA,Ex,N,TA,No,1800,0,6,1961
845,153900,RM,Artery,Norm,TA,Gd,Y,TA,TA,876,540,4,1915
846,171000,RL,RRAe,Norm,TA,TA,Y,TA,TA,1701,0,3,1975
847,213000,RL,Norm,Norm,Gd,Ex,Y,TA,TA,1006,769,3,1993
848,133500,RL,Norm,Norm,TA,Ex,Y,TA,TA,864,0,3,1972
849,240000,RL,Norm,Norm,TA,TA,Y,TA,TA,1307,1051,5,1908
850,187000,RL,Feedr,Norm,TA,Ex,Y,TA,TA,1094,761,3,1976
851,131500,RM,Norm,Norm,Gd,Ex,Y,TA,TA,848,0,1,2003
852,215000,RL,Norm,Norm,Gd,Ex,Y,TA,TA,1456,0,2,2003
853,164000,RL,Norm,Norm,TA,Gd,Y,TA,TA,918,728,4,1941
854,158000,RL,Norm,Norm,TA,TA,Y,TA,TA,1445,0,3,1964
855,170000,RL,Norm,Norm,TA,TA,Y,TA,TA,1779,0,3,1955
856,127000,RL,Norm,Norm,TA,Ex,Y,TA,TA,1040,0,3,1962
857,147000,RL,Norm,Norm,TA,TA,Y,Gd,Fa,1026,0,3,1978
858,174000,RL,Norm,Norm,TA,Gd,Y,TA,TA,702,779,3,1994
859,152000,RL,Norm,Norm,TA,TA,Y,TA,TA,1370,0,3,1976
860,250000,RL,PosA,Norm,Gd,TA,Y,TA,TA,1512,1142,4,1968
861,189950,RL,Norm,Norm,Gd,Gd,Y,TA,TA,912,514,3,1918
862,131500,RL,Norm,Norm,TA,Ex,Y,TA,TA,1039,0,3,1965
863,152000,RL,Norm,Norm,TA,TA,Y,TA,TA,1097,0,3,1984
864,132500,RL,Norm,Norm,TA,TA,Y,TA,TA,1148,0,3,1959
865,250580,FV,Norm,Norm,Gd,Ex,Y,TA,TA,1372,0,3,2007
866,148500,RL,Norm,Norm,TA,TA,Y,TA,TA,1002,0,3,1970
867,248900,RL,Norm,Norm,Gd,Ex,Y,TA,TA,1646,0,3,2006
868,129000,RL,Feedr,Norm,Fa,TA,Y,TA,TA,1120,0,3,1961
869,169000,RL,Feedr,Norm,TA,Gd,Y,No,TA,1547,720,2,1948
870,236000,RL,Norm,Norm,Gd,Ex,Y,TA,TA,1062,887,3,1993
871,109500,RL,PosN,Norm,TA,Gd,N,TA,TA,894,0,2,1962
872,200500,RL,Norm,Norm,Gd,Ex,Y,TA,TA,804,878,3,1998
873,116000,RL,Norm,Norm,Gd,Gd,Y,TA,TA,910,0,3,1953
874,133000,RL,Norm,Norm,TA,Gd,Y,TA,TA,1036,0,3,1949
875,66500,RM,Artery,Norm,TA,Ex,Y,TA,TA,676,455,3,1941
876,303477,FV,Norm,Norm,Ex,Ex,Y,TA,TA,1184,1426,4,2007
877,132250,RL,Norm,Norm,TA,Gd,Y,TA,TA,1040,0,3,1963
878,350000,RL,Norm,Norm,Ex,Ex,Y,TA,TA,1462,762,4,2004
879,148000,RL,Norm,Norm,Gd,TA,Y,TA,TA,1155,0,3,1961
880,136500,RL,Norm,Norm,TA,Ex,Y,TA,TA,864,0,3,1978
881,157000,RL,Norm,Norm,TA,Gd,Y,Gd,TA,1090,0,2,2005
882,187500,RL,Norm,Norm,Gd,Ex,Y,TA,TA,1187,530,3,1990
883,178000,RL,Norm,Norm,TA,Gd,Y,TA,TA,808,785,3,1992
884,118500,RL,Norm,Norm,TA,TA,N,Fa,Gd,954,795,5,1912
885,100000,RL,Norm,Norm,TA,TA,Y,TA,TA,892,0,3,1967
886,328900,FV,Norm,Norm,Gd,Ex,Y,TA,TA,1709,0,2,1999
887,145000,RL,Norm,Norm,TA,Ex,Y,TA,TA,1712,0,4,1959
888,135500,RL,Norm,Norm,TA,TA,Y,TA,TA,872,521,3,1955
889,268000,RL,Norm,Norm,Gd,Ex,Y,Gd,TA,2217,0,4,1970
890,149500,RL,Feedr,Norm,TA,Ex,Y,TA,TA,1505,0,2,1953
891,122900,RL,Artery,Norm,TA,Ex,Y,TA,TA,672,252,3,1949
892,172500,RL,Norm,Norm,TA,Gd,Y,TA,TA,918,765,3,1978
893,154500,RL,Norm,Norm,TA,TA,Y,TA,TA,1068,0,3,1963
894,165000,RL,PosN,Norm,TA,TA,Y,TA,TA,1383,0,3,1954
895,118858,RL,Norm,Norm,TA,TA,Y,No,TA,1535,0,4,1979
896,140000,RL,Norm,Norm,TA,TA,Y,TA,TA,983,813,4,1963
897,106500,RM,Norm,Norm,TA,Ex,N,TA,TA,951,0,2,1936
898,142953,RL,Feedr,Norm,TA,TA,Y,No,TA,1120,1120,6,1979
899,611657,RL,Norm,Norm,Ex,Ex,Y,TA,TA,2364,0,2,2009
900,135000,RL,Feedr,Norm,TA,TA,Y,TA,TA,1236,0,3,1961
901,110000,RL,Norm,Norm,TA,TA,Y,TA,TA,858,0,2,1971
902,153000,RL,Norm,Norm,TA,TA,Y,TA,TA,1306,0,2,1957
903,180000,RL,Norm,Norm,Gd,Ex,Y,TA,TA,807,702,3,2003
904,240000,RL,Norm,Norm,Gd,Ex,Y,TA,TA,1670,0,3,2006
905,125500,RL,Norm,Norm,TA,TA,Y,TA,TA,902,0,3,1967
906,128000,RL,Norm,Norm,TA,TA,Y,TA,TA,1063,0,3,1954
907,255000,RL,Norm,Norm,Gd,Ex,Y,TA,TA,1636,0,3,2006
908,250000,RL,Norm,Norm,Gd,Gd,Y,TA,TA,1020,1037,3,1936
909,131000,RL,Norm,Norm,TA,TA,Y,TA,TA,902,0,2,1983
910,174000,RL,Norm,Norm,Gd,Ex,Y,TA,TA,742,742,3,2005
911,154300,RL,Feedr,Norm,TA,TA,Y,TA,TA,1105,1169,5,1960
912,143500,RL,Norm,Norm,Gd,TA,Y,Gd,TA,1268,0,3,1977
913,88000,RM,Norm,Norm,TA,TA,N,TA,TA,1015,0,3,1925
914,145000,RH,Norm,Norm,TA,TA,N,TA,TA,1001,1001,4,1949
915,173733,FV,Norm,Norm,Gd,Ex,Y,TA,TA,612,612,2,2009
916,75000,RM,Norm,Norm,TA,Fa,Y,TA,TA,546,546,3,1970
917,35311,C (all),Norm,Norm,TA,TA,N,TA,TA,480,0,1,1949
918,135000,RL,Norm,Norm,TA,Ex,Y,TA,TA,1229,0,3,1956
919,238000,RL,Norm,Norm,Gd,Ex,Y,TA,TA,912,1215,4,1991
920,176500,RL,Norm,Norm,TA,Ex,Y,TA,TA,1414,0,3,1958
921,201000,RL,Norm,Norm,Gd,Ex,Y,Gd,TA,936,785,3,1994
922,145900,RL,Feedr,Norm,TA,Gd,Y,TA,No,1272,928,4,1900
923,169990,RL,RRAn,Norm,Gd,Ex,Y,TA,TA,1316,0,3,2005
924,193000,RL,Norm,Norm,Gd,Ex,Y,TA,TA,1617,0,2,1993
925,207500,RL,Norm,Norm,TA,TA,Y,TA,TA,1686,0,3,1980
926,175000,RL,Norm,Norm,Ex,TA,Y,TA,TA,1126,0,3,1977
927,285000,RL,Norm,Norm,Ex,Ex,Y,TA,TA,1234,1140,4,2003
928,176000,RL,Feedr,Norm,TA,Gd,Y,TA,TA,1098,880,4,1968
929,236500,RL,Norm,Norm,Ex,Ex,Y,TA,TA,1788,0,3,2001
930,222000,RL,Norm,Norm,Gd,Gd,Y,TA,TA,993,1243,4,1997
931,201000,RL,Norm,Norm,Gd,Ex,Y,TA,TA,1466,0,3,2007
932,117500,RL,Norm,Norm,TA,Ex,Y,TA,TA,925,0,2,1965
933,320000,RL,RRNn,Norm,Ex,Ex,Y,Gd,TA,1905,0,3,2006
934,190000,RL,Norm,Norm,Gd,Ex,Y,TA,TA,1500,0,3,2004
935,242000,RL,PosA,Norm,Gd,Ex,Y,TA,TA,2069,0,4,1960
936,79900,RL,Norm,Norm,TA,Gd,Y,TA,TA,747,0,1,1926
937,184900,RL,Norm,Norm,Gd,Ex,Y,TA,TA,1200,0,2,2003
938,253000,RL,Norm,Norm,Gd,Ex,Y,TA,TA,1113,858,3,2005
939,239799,RL,Norm,Norm,Gd,Ex,Y,Gd,TA,1391,571,3,2006
940,244400,RL,Norm,Norm,TA,Ex,Y,TA,TA,1207,1196,4,1940
941,150900,RL,Norm,Norm,TA,TA,Y,TA,TA,1728,0,4,1976
942,214000,RL,RRNn,Norm,Gd,Ex,Y,TA,TA,1022,1038,3,1999
943,150000,RL,Norm,Norm,TA,TA,Y,TA,No,1440,0,4,1977
944,143000,RL,Norm,Norm,TA,TA,Y,TA,TA,1632,0,4,1967
945,137500,RL,Norm,Norm,Gd,Gd,Y,TA,TA,1344,0,3,1958
946,124900,RM,Norm,Norm,TA,TA,Y,TA,TA,1188,561,2,1890
947,143000,RL,Norm,Norm,TA,TA,Y,TA,TA,1144,0,3,1959
948,270000,RL,Norm,Norm,Gd,Ex,Y,TA,TA,1629,0,3,2002
949,192500,RL,Norm,Norm,Gd,Ex,Y,TA,TA,936,840,3,2002
950,197500,RL,Norm,Norm,Gd,TA,Y,TA,TA,1381,0,3,1972
951,129000,RL,Norm,Norm,Gd,Gd,Y,TA,TA,864,0,3,1950
952,119900,RH,Norm,Norm,TA,Gd,Y,TA,TA,965,0,3,1965
953,133900,RL,Norm,Norm,TA,Gd,Y,TA,TA,768,0,2,1972
954,172000,RL,Norm,Norm,TA,Ex,Y,TA,TA,1168,800,4,1969
955,127500,RL,Norm,Norm,TA,TA,Y,Gd,No,980,0,4,1975
956,145000,RH,Norm,Norm,TA,TA,N,TA,TA,979,979,4,1946
957,124000,RM,Norm,Norm,TA,TA,Y,TA,TA,561,668,2,1980
958,132000,RL,Norm,Norm,TA,TA,Y,TA,TA,1057,0,3,1962
959,185000,RL,Norm,Norm,Gd,Ex,Y,TA,TA,1337,0,3,2003
960,155000,FV,Norm,Norm,Gd,Ex,Y,TA,TA,696,720,3,1999
961,116500,RL,Norm,Norm,TA,Gd,Y,TA,No,858,0,2,1958
962,272000,RL,PosN,Norm,TA,TA,Y,Gd,TA,1542,1330,4,1977
963,155000,RL,Norm,Norm,Gd,TA,Y,TA,TA,804,744,3,1976
964,239000,RL,Norm,Norm,Ex,Ex,Y,TA,TA,1800,0,2,2007
965,214900,RL,Norm,Norm,Gd,Ex,Y,TA,TA,824,1070,4,2002
966,178900,RL,RRAn,Norm,Gd,Ex,Y,TA,TA,783,701,3,2005
967,160000,RL,Norm,Norm,TA,Ex,Y,Fa,TA,976,332,2,1940
968,135000,RL,Norm,Norm,TA,TA,Y,TA,TA,1098,0,3,1955
969,37900,RM,Norm,Norm,TA,Fa,N,TA,No,600,368,2,1910
970,140000,RL,Norm,Norm,TA,TA,Y,TA,TA,1095,0,2,1958
971,135000,RL,Norm,Norm,TA,TA,N,TA,No,720,472,4,1949
972,173000,RL,Norm,Norm,Gd,Ex,Y,TA,TA,764,862,2,2003
973,99500,RL,Norm,Norm,TA,TA,Y,TA,TA,918,0,2,1979
974,182000,FV,Norm,Norm,Gd,Ex,Y,TA,TA,1428,0,3,2007
975,167500,RL,RRAn,Feedr,Gd,TA,N,TA,TA,1136,883,3,1910
976,165000,FV,Norm,Norm,Gd,Ex,Y,TA,TA,673,709,3,2000
977,85500,RL,Norm,Norm,Fa,TA,Y,TA,No,869,0,2,1923
978,199900,FV,Norm,Norm,Gd,Ex,Y,TA,TA,1241,0,1,2006
979,110000,RL,Norm,Norm,TA,Ex,Y,TA,TA,894,0,3,1954
980,139000,RL,Feedr,Norm,TA,TA,Y,TA,TA,1121,0,3,1963
981,178400,RL,Norm,Norm,Ex,Gd,Y,TA,TA,999,0,3,1961
982,336000,RL,Norm,Norm,Gd,Ex,Y,TA,TA,1276,1336,4,1998
983,159895,RL,Norm,Norm,Gd,Ex,Y,TA,TA,1266,0,2,2007
984,255900,RL,Norm,Norm,Gd,Ex,Y,TA,TA,1149,1141,4,2002
985,126000,RL,Norm,Norm,Gd,TA,Y,No,TA,1302,432,4,1977
986,125000,RL,Norm,Norm,TA,TA,N,TA,TA,1164,0,3,1950
987,117000,RM,Feedr,Norm,Gd,Gd,Y,Fa,TA,1001,634,2,1910
988,395192,RL,Norm,Norm,Ex,Ex,Y,TA,TA,1940,0,3,2009
989,195000,RL,Norm,Norm,Gd,TA,Y,TA,TA,1118,912,4,1976
990,197000,FV,Norm,Norm,Gd,Ex,Y,Gd,TA,778,798,3,2006
991,348000,RL,Norm,Norm,Gd,Ex,Y,TA,TA,1407,985,3,1997
992,168000,RM,Artery,Norm,Gd,Gd,Y,TA,TA,916,826,4,1882
993,187000,RL,Norm,Norm,Gd,Gd,Y,TA,TA,1020,831,3,1964
994,173900,RL,Norm,Norm,Gd,Ex,Y,TA,TA,750,750,3,2005
995,337500,RL,Norm,Norm,Ex,Ex,Y,TA,TA,1718,0,3,2006
996,121600,RL,Feedr,Norm,TA,TA,Y,TA,TA,774,456,3,1946
997,136500,RL,Norm,Norm,TA,TA,Y,TA,TA,1050,0,3,1961
998,185000,RL,PosA,Norm,TA,TA,Y,TA,TA,1442,0,2,1970
999,91000,RM,Norm,Norm,TA,Fa,N,Fa,Fa,1077,0,3,1922
1000,206000,RL,Norm,Norm,Gd,Ex,Y,TA,TA,1208,0,2,2006
1001,82000,RL,Norm,Norm,Fa,Fa,N,No,Fa,944,0,2,1952
1002,86000,RL,Norm,Norm,Ex,Ex,Y,TA,TA,691,0,2,1920
1003,232000,RL,RRAn,Norm,Gd,Ex,Y,TA,TA,1574,0,3,2006
1004,136905,RL,Feedr,RRAn,TA,Fa,Y,TA,TA,1680,0,4,1976
1005,181000,RL,Norm,Norm,Gd,Ex,Y,TA,TA,1504,0,1,2005
1006,149900,RL,Norm,Norm,TA,TA,Y,Gd,TA,985,0,3,1977
1007,163500,RL,PosN,Norm,TA,Gd,Y,TA,TA,1657,0,3,1970
1008,88000,RM,Norm,Norm,TA,TA,Y,TA,TA,546,546,3,1970
1009,240000,RL,Norm,Norm,Gd,Ex,Y,TA,TA,1710,0,3,2004
1010,102000,RL,Norm,Norm,TA,Ex,Y,TA,No,1008,0,4,1926
1011,135000,RL,Norm,Norm,TA,TA,Y,TA,TA,720,551,4,1948
1012,100000,RL,Norm,Norm,TA,TA,N,No,No,1664,0,4,1965
1013,165000,RL,Norm,Norm,Gd,TA,Y,Fa,TA,900,602,3,1923
1014,85000,RM,Norm,Norm,TA,TA,N,TA,TA,1022,0,2,1910
1015,119200,RL,Artery,Norm,TA,TA,Y,Fa,TA,1082,0,2,1948
1016,227000,RL,Norm,Norm,Gd,Ex,Y,TA,TA,810,855,3,2001
1017,203000,RL,Norm,Norm,Gd,Ex,Y,TA,TA,1504,0,3,1996
1018,187500,RL,Norm,Norm,Gd,Gd,Y,TA,TA,1360,0,1,1984
1019,160000,RL,Norm,Norm,Gd,Gd,Y,TA,TA,802,670,3,1991
1020,213490,RL,Norm,Norm,Gd,Ex,Y,TA,TA,1506,0,2,2005
1021,176000,RL,Norm,Norm,Gd,Ex,Y,TA,TA,1132,0,2,2005
1022,194000,RL,Norm,Norm,Gd,Ex,Y,TA,TA,1220,0,2,2006
1023,87000,RM,Norm,Norm,TA,Gd,Y,TA,Fa,912,336,2,1930
1024,191000,RL,Norm,Norm,Gd,Ex,Y,Gd,TA,1504,0,2,2005
1025,287000,RL,Norm,Norm,Gd,TA,Y,TA,TA,2898,0,2,1976
1026,112500,RL,Norm,Norm,TA,TA,Y,TA,TA,882,0,3,1972
1027,167500,RL,Feedr,Norm,TA,TA,Y,TA,TA,1264,0,3,1960
1028,293077,RL,Norm,Norm,Gd,Ex,Y,TA,TA,1646,0,3,2007
1029,105000,RL,Artery,Norm,TA,TA,Y,TA,TA,968,408,3,1941
1030,118000,RM,Norm,Norm,TA,Gd,Y,TA,TA,672,546,3,1972
1031,160000,RH,Norm,Norm,TA,Gd,Y,TA,No,948,980,5,1916
1032,197000,RL,Norm,Norm,TA,Ex,Y,TA,TA,1687,998,5,1920
1033,310000,RL,Norm,Norm,Gd,Ex,Y,Gd,TA,1352,1168,5,1993
1034,230000,RL,Norm,Norm,Gd,Ex,Y,TA,TA,1654,0,3,2002
1035,119750,RL,Norm,Norm,Fa,Ex,Y,Fa,TA,954,0,2,1938
1036,84000,RL,Norm,Norm,TA,Ex,N,No,TA,845,0,3,1957
1037,315500,RL,Norm,Norm,Ex,Ex,Y,TA,TA,1620,0,2,2007
1038,287000,RL,Norm,Norm,Gd,Ex,Y,TA,TA,1055,1208,3,2001
1039,97000,RM,Norm,Norm,TA,TA,Y,TA,No,798,546,3,1970
1040,80000,RM,Norm,Norm,TA,TA,Y,TA,TA,630,0,1,1970
1041,155000,RL,Norm,Norm,TA,Ex,Y,TA,TA,1803,0,3,1957
1042,173000,RL,Feedr,Norm,Gd,Gd,Y,TA,TA,800,832,4,1966
1043,196000,RL,Norm,Norm,Gd,Ex,Y,TA,TA,1306,0,1,2005
1044,262280,RL,Norm,Norm,Gd,Ex,Y,TA,TA,1532,797,4,1990
1045,278000,RL,PosN,Norm,Gd,TA,Y,TA,TA,2524,0,4,1981
1046,139600,RL,Norm,Norm,TA,Ex,Y,No,TA,1733,0,4,1955
1047,556581,RL,Norm,Norm,Ex,Ex,Y,TA,TA,1992,876,4,2005
1048,145000,RL,Norm,Norm,TA,Ex,Y,TA,TA,990,0,3,1994
1049,115000,RL,Norm,Norm,TA,TA,Y,No,TA,1771,0,3,1960
1050,84900,RL,Norm,Norm,Gd,Ex,Y,No,TA,930,0,2,1946
1051,176485,RL,Norm,Norm,Gd,Ex,Y,TA,TA,1302,0,3,2007
1052,200141,RL,Norm,Norm,Gd,Ex,Y,TA,TA,1316,0,3,2007
1053,165000,RL,Artery,Norm,TA,TA,Y,TA,TA,1127,850,4,1964
1054,144500,RL,Norm,Norm,TA,Ex,Y,TA,TA,1526,0,4,1957
1055,255000,RL,Norm,Norm,Gd,Ex,Y,TA,TA,1091,898,3,2002
1056,180000,RL,Norm,Norm,TA,TA,Y,TA,TA,1523,0,3,1976
1057,185850,RL,Norm,Norm,Gd,Ex,Y,TA,TA,1364,0,2,2005
1058,248000,RL,Norm,Norm,Gd,Ex,Y,TA,TA,979,871,3,1994
1059,335000,RL,Norm,Norm,Ex,Ex,Y,TA,TA,1130,1054,3,2008
1060,220000,RL,Norm,Norm,TA,TA,Y,TA,Fa,1096,895,3,1932
1061,213500,RL,Norm,Norm,Gd,Ex,Y,TA,TA,1338,0,2,2001
1062,81000,C (all),Norm,Norm,TA,TA,Y,TA,TA,894,0,2,1935
1063,90000,RM,Norm,Norm,TA,TA,N,TA,TA,1422,915,5,1900
1064,110500,RM,Artery,Norm,Gd,Gd,Y,TA,TA,1103,0,2,1925
1065,154000,RL,Norm,Norm,TA,Ex,Y,TA,TA,1154,0,3,1966
1066,328000,RL,Norm,Norm,Gd,Ex,Y,TA,TA,1306,954,3,1996
1067,178000,RL,Norm,Norm,TA,Gd,Y,TA,TA,799,772,3,1993
1068,167900,RL,Norm,Norm,TA,TA,Y,TA,TA,798,813,4,1964
1069,151400,RM,Norm,Norm,TA,Gd,Y,TA,TA,1291,1230,5,1973
1070,135000,RL,Norm,Norm,Gd,TA,Y,TA,TA,893,0,2,1949
1071,135000,RL,Norm,Norm,TA,TA,Y,TA,TA,1048,0,3,1956
1072,154000,RL,RRAn,Norm,TA,Ex,Y,TA,TA,829,727,4,1968
1073,91500,RL,Artery,Norm,TA,Fa,Y,Fa,TA,1002,454,4,1948
1074,159500,RL,Norm,Norm,TA,TA,Y,TA,TA,698,728,3,1977
1075,194000,RL,Norm,Norm,Gd,Ex,Y,TA,TA,1240,0,2,2006
1076,219500,RL,Norm,Norm,TA,TA,Y,TA,TA,960,780,3,1940
1077,170000,RL,Norm,Norm,Gd,Gd,Y,TA,TA,1096,370,3,1936
1078,138800,RL,Norm,Norm,TA,Ex,Y,TA,TA,1096,0,3,1969
1079,155900,RM,Norm,Norm,Gd,Ex,Y,TA,TA,848,0,1,2004
1080,126000,RL,Norm,Norm,TA,Gd,Y,TA,TA,990,0,3,1994
1081,145000,RL,Norm,Norm,Gd,Ex,Y,TA,TA,1258,0,3,1971
1082,133000,RL,Feedr,Norm,TA,Fa,Y,TA,TA,1040,0,3,1963
1083,192000,RL,Norm,Norm,Gd,Ex,Y,TA,TA,1459,0,3,2002
1084,160000,RL,Norm,Norm,TA,TA,Y,TA,TA,1251,0,3,1964
1085,187500,RL,Norm,Norm,TA,Gd,Y,TA,TA,691,807,3,1995
1086,147000,RL,Norm,Norm,Gd,Ex,Y,TA,TA,996,0,2,1992
1087,83500,RM,Norm,Norm,TA,TA,Y,TA,TA,546,546,3,1973
1088,252000,FV,Norm,Norm,Gd,Ex,Y,TA,TA,1082,871,3,2005
1089,137500,RM,Norm,Norm,Gd,Ex,Y,TA,TA,970,739,3,2004
1090,197000,FV,Norm,Norm,Gd,Ex,Y,TA,TA,1247,0,1,2005
1091,92900,RL,Norm,Norm,TA,Fa,N,No,TA,1040,0,2,1950
1092,160000,FV,Norm,Norm,Gd,Ex,Y,TA,TA,624,628,2,1999
1093,136500,RL,Norm,Norm,TA,Fa,Y,TA,TA,1390,304,4,1925
1094,146000,RL,Feedr,Norm,Gd,Gd,Y,TA,TA,1200,0,1,1965
1095,129000,RL,Norm,Norm,TA,Ex,Y,TA,TA,936,0,2,1956
1096,176432,RL,Norm,Norm,Gd,Gd,Y,TA,TA,1314,0,3,2006
1097,127000,RM,Norm,Norm,Gd,TA,Y,TA,No,773,582,3,1914
1098,170000,RL,Norm,Norm,Gd,Ex,Y,TA,TA,1088,0,2,1986
1099,128000,RM,Norm,Norm,TA,TA,Y,TA,TA,757,567,3,1936
1100,157000,RL,RRAn,Norm,TA,TA,Y,TA,TA,1601,0,3,1978
1101,60000,RL,Norm,Norm,Fa,TA,N,Fa,TA,438,0,1,1920
1102,119500,RL,Norm,Norm,TA,TA,Y,TA,TA,950,0,3,1971
1103,135000,RL,Norm,Norm,TA,Ex,Y,TA,TA,1134,0,2,1960
1104,159500,RL,Norm,Norm,TA,Ex,Y,TA,TA,1194,0,3,1959
1105,106000,RM,Norm,Norm,TA,TA,Y,TA,TA,630,672,3,1970
1106,325000,RL,Norm,Norm,Gd,Ex,Y,TA,TA,1500,1122,3,1994
1107,179900,RL,Feedr,Norm,Gd,Gd,Y,TA,TA,1442,0,3,1990
1108,274725,RL,Norm,Norm,Gd,Ex,Y,Gd,TA,887,1134,3,2006
1109,181000,RL,Norm,Norm,TA,Ex,Y,TA,TA,948,742,3,2000
1110,280000,RL,Norm,Norm,Gd,Ex,Y,TA,TA,1836,0,3,2004
1111,188000,RL,Norm,Norm,TA,Gd,Y,TA,TA,773,885,3,1995
1112,205000,RL,Norm,Norm,TA,TA,Y,TA,TA,1098,866,4,1976
1113,129900,RL,Norm,Norm,TA,TA,Y,TA,TA,816,0,2,1957
1114,134500,RL,Norm,Norm,Gd,Gd,Y,TA,TA,1008,0,2,1953
1115,117000,RL,Norm,Norm,Gd,Ex,Y,TA,TA,833,0,2,1954
1116,318000,RL,Norm,Norm,Ex,Ex,Y,TA,TA,1734,0,3,2007
1117,184100,RL,Norm,Norm,Gd,Ex,Y,TA,TA,779,640,3,2002
1118,130000,RL,Feedr,Norm,Gd,Ex,Y,TA,TA,894,0,3,1967
1119,140000,RL,Norm,Norm,TA,TA,Y,TA,TA,1021,580,3,1958
1120,133700,RL,Norm,Norm,TA,TA,Y,TA,TA,1040,0,3,1959
1121,118400,RM,Norm,Norm,TA,TA,Y,TA,TA,1012,0,2,1920
1122,212900,RL,Norm,Norm,Gd,Ex,Y,TA,TA,1552,0,3,2005
1123,112000,RL,Norm,Norm,TA,Ex,Y,TA,TA,960,0,3,1956
1124,118000,RL,Norm,Norm,TA,Ex,Y,TA,No,698,0,2,1947
1125,163900,RL,Norm,Norm,Gd,Gd,Y,TA,TA,812,670,3,1992
1126,115000,RL,Norm,Norm,Fa,TA,Y,TA,Fa,1005,0,2,1955
1127,174000,RL,Norm,Norm,Gd,Ex,Y,TA,TA,1555,0,2,2007
1128,259000,RL,Norm,Norm,Gd,Ex,Y,TA,TA,1530,0,3,2004
1129,215000,RL,Norm,Norm,Gd,Ex,Y,TA,TA,847,1112,4,2004
1130,140000,RM,Norm,Norm,TA,TA,Y,TA,TA,936,0,2,1980
1131,135000,RL,Norm,Norm,Gd,TA,Y,TA,TA,1328,653,4,1928
1132,93500,RL,Norm,Norm,TA,TA,Y,TA,No,974,0,3,1991
1133,117500,RM,Norm,Norm,Fa,TA,Y,TA,TA,1178,1032,5,1880
1134,239500,RL,Norm,Norm,Gd,Ex,Y,TA,TA,1142,878,3,1995
1135,169000,RL,Norm,Norm,TA,Gd,Y,TA,TA,916,684,3,1997
1136,102000,RM,Norm,Norm,TA,TA,N,TA,TA,986,0,2,1926
1137,119000,RL,Norm,Norm,TA,TA,Y,TA,TA,1032,220,3,1950
1138,94000,RL,Feedr,Norm,TA,Gd,N,TA,No,780,240,2,1875
1139,196000,RL,Norm,Norm,Gd,TA,Y,TA,TA,1567,0,2,1977
1140,144000,RL,Norm,Norm,TA,TA,Y,TA,TA,1167,0,3,1920
1141,139000,RL,Norm,Norm,TA,TA,Y,TA,TA,952,0,2,1951
1142,197500,RL,PosN,Norm,Gd,Ex,Y,TA,TA,1088,780,4,1976
1143,424870,RL,Norm,Norm,Gd,Ex,Y,TA,TA,1466,1362,4,2006
1144,80000,RL,Norm,Norm,TA,TA,Y,TA,No,1006,0,3,1959
1145,80000,RL,Norm,Norm,Fa,Fa,N,TA,TA,672,252,2,1941
1146,149000,RM,Norm,Norm,TA,Ex,Y,TA,TA,1042,534,3,1928
1147,180000,RL,Norm,Norm,Gd,TA,Y,TA,TA,1298,0,3,1985
1148,174500,RL,Norm,Norm,Fa,Ex,Y,TA,TA,860,704,3,1941
1149,116900,RM,Norm,Norm,TA,TA,Y,TA,TA,572,539,2,1926
1150,143000,RM,Artery,Norm,TA,Ex,Y,TA,TA,832,650,3,1920
1151,124000,RL,Norm,Norm,Gd,Ex,Y,TA,TA,932,0,2,1950
1152,149900,RL,Norm,Norm,Fa,TA,Y,TA,TA,1466,0,3,1959
1153,230000,RL,Norm,Norm,Ex,Ex,Y,TA,TA,1811,0,2,1956
1154,120500,RM,Norm,Norm,TA,Ex,Y,TA,TA,816,0,2,1930
1155,201800,RL,Norm,Norm,Gd,TA,Y,TA,TA,902,918,4,1965
1156,218000,RL,Norm,Norm,Gd,TA,Y,TA,TA,1437,0,3,1976
1157,179900,RL,Norm,Norm,Gd,Gd,Y,TA,TA,1265,0,3,1965
1158,230000,RL,Norm,Norm,Gd,Ex,Y,TA,TA,1314,0,2,2007
1159,235128,RL,Feedr,Norm,Gd,Ex,Y,TA,TA,1580,0,3,2007
1160,185000,RL,Norm,Norm,Gd,TA,Y,TA,TA,943,933,4,1974
1161,146000,RL,Norm,Norm,TA,Fa,Y,TA,TA,855,601,3,1978
1162,224000,RL,PosN,Norm,Gd,Ex,Y,TA,TA,1640,0,3,1954
1163,129000,RL,Norm,Norm,TA,Gd,Y,TA,TA,894,0,3,1968
1164,108959,RL,Feedr,Norm,TA,TA,Y,TA,TA,1258,0,0,1969
1165,194000,RL,Feedr,Norm,Gd,Ex,Y,TA,TA,1432,0,2,1978
1166,233170,RL,Norm,Norm,Gd,Ex,Y,TA,TA,1502,0,3,2009
1167,245350,RL,Norm,Norm,Gd,Ex,Y,TA,TA,1694,0,3,2008
1168,173000,RL,RRAn,Norm,TA,Ex,Y,TA,TA,959,712,3,2000
1169,235000,RL,Norm,Norm,Gd,Ex,Y,TA,TA,1236,872,4,1935
1170,625000,RL,Norm,Norm,Gd,Ex,Y,TA,TA,1831,1796,4,1995
1171,171000,RL,Norm,Norm,TA,TA,Y,TA,TA,1118,0,3,1977
1172,163000,RL,Norm,Norm,TA,Ex,Y,TA,TA,1261,0,3,1958
1173,171900,FV,Norm,Norm,Gd,Ex,Y,TA,TA,625,625,2,2006
1174,200500,RL,Norm,Norm,Ex,TA,Y,TA,No,1636,971,3,1946
1175,239000,RL,Norm,Norm,TA,TA,Y,TA,TA,1170,1175,4,1932
1176,285000,RL,Norm,Norm,Gd,Ex,Y,TA,TA,2129,743,4,1992
1177,119500,RL,Norm,Norm,TA,TA,Y,TA,TA,923,0,3,1984
1178,115000,RM,Artery,Norm,TA,TA,Y,TA,TA,818,406,3,1926
1179,154900,RL,Norm,Norm,TA,Ex,Y,TA,TA,820,523,3,1921
1180,93000,RL,Norm,Norm,TA,Gd,Y,No,No,1124,0,3,1954
1181,250000,RL,Norm,Norm,TA,Ex,Y,TA,TA,1298,1216,4,1990
1182,392500,RM,Norm,Norm,Gd,Ex,Y,TA,TA,1652,0,2,2008
1183,745000,RL,Norm,Norm,Ex,Ex,Y,TA,TA,2411,2065,4,1996
1184,120000,RL,Norm,Norm,TA,Ex,Y,TA,TA,1130,0,2,1920
1185,186700,RL,Norm,Norm,TA,Gd,Y,TA,TA,1572,0,3,1963
1186,104900,RL,Norm,Norm,TA,Gd,Y,TA,TA,949,272,4,1924
1187,95000,RL,Artery,Artery,TA,TA,Y,TA,Fa,1014,685,3,1900
1188,262000,RL,Norm,Norm,Gd,Ex,Y,TA,TA,1624,0,2,1994
1189,195000,RL,Norm,Norm,Gd,Ex,Y,TA,TA,831,829,3,2002
1190,189000,RL,Norm,Norm,Gd,Gd,Y,TA,TA,1028,776,3,1999
1191,168000,RL,Norm,Norm,TA,Ex,Y,TA,TA,1622,0,3,1961
1192,174000,FV,Norm,Norm,Gd,Ex,Y,TA,TA,764,677,2,1999
1193,125000,RM,Norm,Norm,Gd,Gd,Y,TA,Fa,842,630,3,1925
1194,165000,RM,Norm,Norm,TA,Ex,Y,TA,TA,1224,0,2,1999
1195,158000,RL,Norm,Norm,TA,TA,Y,TA,TA,663,689,4,1969
1196,176000,RL,Norm,Norm,Gd,Ex,Y,TA,TA,728,728,3,2005
1197,219210,RL,Norm,Norm,Gd,Ex,Y,TA,TA,879,984,4,2006
1198,144000,RM,Norm,Norm,TA,Ex,Y,TA,TA,815,875,3,1916
1199,178000,RL,Norm,Norm,Gd,Ex,Y,TA,TA,1212,0,3,2001
1200,148000,RL,Norm,Norm,TA,Gd,Y,TA,TA,1382,0,3,1963
1201,116050,RL,Norm,Norm,TA,Gd,Y,TA,TA,864,0,3,1970
1202,197900,RL,Norm,Norm,Gd,Ex,Y,TA,TA,866,913,3,1998
1203,117000,RM,Norm,Norm,TA,Ex,Y,TA,TA,884,464,3,1925
1204,213000,RL,Norm,Norm,Gd,Ex,Y,TA,TA,1630,0,3,2000
1205,153500,RL,Norm,Norm,TA,Ex,Y,TA,TA,1074,0,3,1975
1206,271900,RL,Norm,Norm,Gd,Gd,Y,TA,TA,2196,0,3,1990
1207,107000,RH,Norm,Norm,TA,TA,Y,TA,TA,1056,0,2,1966
1208,200000,RL,Norm,Norm,Gd,Ex,Y,TA,TA,1700,0,3,2003
1209,140000,RL,Norm,Norm,TA,TA,Y,TA,TA,1283,0,3,1962
1210,290000,RL,RRNn,Norm,Gd,Ex,Y,TA,TA,1660,0,3,2006
1211,189000,RL,Norm,Norm,Gd,Ex,Y,TA,TA,1055,790,3,1992
1212,164000,RL,Norm,Norm,TA,Gd,Y,TA,TA,1080,672,4,1988
1213,113000,RL,Norm,Norm,TA,TA,Y,TA,TA,672,0,2,1941
1214,145000,RL,Norm,Norm,TA,Ex,Y,Gd,TA,960,0,0,1965
1215,134500,RL,Norm,Norm,TA,TA,Y,TA,TA,999,0,3,1962
1216,125000,RL,Norm,Norm,TA,TA,Y,TA,TA,894,0,3,1966
1217,112000,RM,RRAe,Norm,TA,TA,Y,No,TA,1318,584,4,1978
1218,229456,FV,Norm,Norm,Gd,Ex,Y,TA,TA,1314,0,3,2009
1219,80500,RM,Norm,Norm,TA,Gd,N,No,No,672,240,2,1947
1220,91500,RM,Norm,Norm,TA,TA,Y,TA,No,672,546,3,1971
1221,115000,RL,Norm,Norm,TA,TA,Y,TA,TA,912,0,2,1964
1222,134000,RL,Feedr,Norm,TA,Ex,Y,TA,TA,1211,0,3,1968
1223,143000,RL,Artery,Norm,TA,Ex,Y,TA,TA,1168,678,3,1949
1224,137900,RL,Norm,Norm,TA,TA,N,Fa,TA,2136,0,4,1951
1225,184000,RL,RRAn,Norm,Gd,Ex,Y,TA,TA,788,702,3,2004
1226,145000,RL,Norm,Norm,TA,Ex,Y,TA,TA,1138,0,3,1958
1227,214000,RL,Feedr,Norm,Gd,Ex,Y,TA,TA,894,1039,4,2007
1228,147000,RL,Norm,Norm,Gd,Ex,Y,TA,TA,912,0,2,1965
1229,367294,RL,Norm,Norm,Ex,Ex,Y,TA,TA,1702,0,1,2008
1230,127000,RL,Norm,Norm,TA,Gd,Y,TA,TA,1507,0,4,1960
1231,190000,RL,Feedr,RRAe,TA,Ex,Y,TA,TA,1361,1259,4,1977
1232,132500,RL,Norm,Norm,TA,TA,Y,TA,TA,1190,0,3,1962
1233,101800,RL,Norm,Norm,TA,TA,Y,No,TA,1224,0,2,1962
1234,142000,RL,Norm,Norm,TA,Fa,Y,TA,TA,1188,0,3,1959
1235,130000,RH,Norm,Norm,TA,TA,N,TA,No,1024,940,4,1911
1236,138887,RL,Norm,Norm,TA,Gd,Y,TA,Fa,892,892,4,1914
1237,175500,RL,Norm,Norm,Gd,Ex,Y,TA,TA,764,862,2,2003
1238,195000,RL,Norm,Norm,Gd,Ex,Y,TA,TA,847,1101,4,2004
1239,142500,RL,RRAe,Norm,TA,Ex,Y,TA,TA,1141,0,3,2005
1240,265900,RL,Norm,Norm,Ex,Ex,Y,TA,TA,1484,0,2,2006
1241,224900,RL,Norm,Norm,Gd,Ex,Y,TA,TA,884,884,3,2003
1242,248328,RL,Norm,Norm,Gd,Ex,Y,TA,TA,1689,0,3,2007
1243,170000,RL,Norm,Norm,Gd,TA,Y,TA,TA,1173,0,3,1974
1244,465000,RL,Norm,Norm,Ex,Ex,Y,Gd,TA,2076,0,2,2006
1245,230000,RL,Norm,Norm,Gd,Fa,Y,TA,TA,792,725,3,1929
1246,178000,RL,Norm,Norm,TA,Ex,Y,TA,TA,1140,728,3,1984
1247,186500,FV,Norm,Norm,Gd,Ex,Y,TA,TA,756,797,3,2005
1248,169900,RL,Norm,Norm,TA,TA,Y,TA,TA,1034,0,3,1976
1249,129500,RM,Norm,Norm,TA,Fa,N,TA,Fa,1134,924,3,1917
1250,119000,RL,Norm,Norm,TA,TA,Y,TA,TA,988,0,3,1950
1251,244000,RL,Norm,Norm,Ex,Ex,Y,TA,TA,2110,0,3,1968
1252,171750,RL,Norm,Norm,Gd,Ex,Y,TA,TA,1405,0,2,2003
1253,130000,RL,Norm,Norm,TA,TA,Y,TA,TA,874,0,3,1968
1254,294000,RL,Norm,Norm,Gd,TA,Y,TA,TA,1516,651,3,1974
1255,165400,RL,Norm,Norm,Gd,Ex,Y,TA,TA,760,896,3,2003
1256,127500,RM,Norm,Norm,TA,TA,Y,Fa,TA,959,408,3,1931
1257,301500,RL,Norm,Norm,Gd,Ex,Y,TA,TA,1987,0,2,1994
1258,99900,RL,Feedr,Norm,TA,Ex,Y,TA,No,864,0,2,1922
1259,190000,RL,Norm,Norm,Gd,Ex,Y,TA,TA,1166,0,2,2005
1260,151000,RL,Norm,Norm,TA,Gd,Y,TA,TA,1054,0,3,1969
1261,181000,RL,RRAn,Norm,TA,Ex,Y,TA,TA,892,783,3,1999
1262,128900,RL,Norm,Norm,TA,Gd,Y,TA,TA,1050,0,2,1956
1263,161500,RL,Norm,Norm,TA,Ex,Y,TA,TA,1104,684,5,1957
1264,180500,RL,Norm,Norm,TA,Ex,Y,TA,TA,1060,764,3,1919
1265,181000,RH,Norm,Norm,Gd,Ex,Y,TA,TA,1337,0,2,1998
1266,183900,FV,Norm,Norm,Gd,Ex,Y,TA,TA,713,739,3,1999
1267,122000,RM,Feedr,Norm,TA,TA,N,TA,TA,964,925,4,1910
1268,378500,RL,Norm,Norm,Ex,Ex,Y,TA,TA,2018,0,3,2008
1269,381000,RL,Norm,Norm,Gd,Ex,Y,TA,TA,1968,1479,4,1935
1270,144000,RL,Feedr,Norm,TA,TA,Y,TA,TA,874,650,3,1958
1271,260000,RL,Norm,Norm,Gd,TA,Y,TA,TA,1332,192,0,1979
1272,185750,RL,PosN,Norm,Gd,Gd,Y,TA,TA,1489,0,3,1968
1273,137000,RL,Norm,Norm,TA,TA,Y,TA,TA,935,0,3,1965
1274,177000,RL,Norm,Norm,Ex,Gd,Y,TA,TA,1357,0,2,1959
1275,139000,RL,Norm,Norm,TA,Ex,Y,TA,TA,661,589,3,1910
1276,137000,RL,Feedr,Norm,TA,Gd,Y,TA,Fa,928,992,4,1948
1277,162000,RL,Norm,Norm,TA,TA,Y,Gd,TA,735,660,3,1972
1278,197900,RL,Norm,Norm,TA,Fa,Y,TA,TA,1724,0,3,1967
1279,237000,RL,Norm,Norm,Gd,Ex,Y,TA,TA,1128,903,3,2002
1280,68400,C (all),Norm,Norm,TA,TA,Y,TA,TA,698,430,2,1920
1281,227000,RL,Norm,Norm,Gd,Ex,Y,TA,TA,1573,0,3,2002
1282,180000,RL,Norm,Norm,TA,TA,Y,TA,Gd,1339,0,2,1990
1283,150500,RL,Norm,Norm,Gd,TA,Y,TA,TA,1040,0,3,1977
1284,139000,RL,Norm,Norm,TA,TA,Y,TA,No,912,912,4,1971
1285,169000,RL,Feedr,Norm,Gd,Ex,Y,TA,TA,1699,748,4,1919
1286,132500,RM,Norm,Norm,TA,Ex,Y,TA,TA,825,587,4,1939
1287,143000,RL,Feedr,Norm,TA,TA,Y,TA,TA,1328,0,3,1963
1288,190000,RL,Norm,Norm,TA,Fa,Y,TA,TA,1582,0,4,1964
1289,278000,RL,Norm,Norm,Ex,Ex,Y,TA,TA,1659,0,2,2000
1290,281000,RL,Norm,Norm,Ex,Ex,Y,TA,TA,1120,850,3,2006
1291,180500,RL,Norm,Norm,TA,TA,Y,TA,TA,1152,0,3,1964
1292,119500,RM,Norm,Norm,TA,TA,Y,TA,TA,630,672,3,1972
1293,107500,RM,Norm,Norm,TA,TA,N,TA,TA,1378,994,4,1892
1294,162900,RL,Norm,Norm,TA,TA,Y,TA,TA,832,832,4,1976
1295,115000,RL,Norm,Norm,TA,TA,Y,TA,TA,864,0,2,1955
1296,138500,RL,Feedr,Norm,TA,Gd,Y,TA,TA,1052,0,3,1968
1297,155000,RL,Norm,Norm,TA,Gd,Y,TA,TA,1128,0,3,1963
1298,140000,RM,Norm,Norm,TA,Gd,Y,TA,TA,1072,0,2,2005
1299,160000,RL,Feedr,Norm,Ex,Ex,Y,TA,TA,4692,950,3,2008
1300,154000,RL,Norm,Norm,Gd,Ex,Y,TA,TA,1246,0,3,1959
1301,225000,RL,Norm,Norm,Gd,Ex,Y,TA,TA,1005,978,3,1999
1302,177500,RL,Norm,Norm,Gd,Fa,Y,TA,TA,753,741,3,1942
1303,290000,RL,Norm,Norm,Gd,Ex,Y,TA,TA,1203,1323,4,1994
1304,232000,RL,Norm,Norm,Gd,Ex,Y,TA,TA,1616,0,3,2005
1305,130000,RM,Norm,Norm,Gd,Ex,Y,TA,TA,976,732,3,2004
1306,325000,RL,Norm,Norm,Ex,Ex,Y,TA,TA,1652,0,2,2006
1307,202500,RL,Norm,Norm,Gd,Ex,Y,TA,TA,1368,0,2,2005
1308,138000,RL,Norm,Norm,TA,Ex,Y,Gd,TA,990,0,3,1994
1309,147000,RM,Norm,Norm,Gd,Ex,Y,TA,TA,1122,0,2,1948
1310,179200,RL,Norm,Norm,Gd,Gd,Y,TA,TA,1294,0,3,1991
1311,335000,RL,PosA,Norm,Ex,TA,Y,TA,TA,1902,0,3,1959
1312,203000,RL,Norm,Norm,Gd,Ex,Y,TA,TA,1274,0,3,2005
1313,302000,RL,Norm,Norm,Gd,Ex,Y,TA,Gd,1453,1357,4,1990
1314,333168,RL,Norm,Norm,Gd,Ex,Y,TA,TA,1422,1177,4,1999
1315,119000,RL,Norm,Norm,TA,Ex,Y,TA,TA,948,0,3,1954
1316,206900,RL,Norm,Norm,TA,TA,Y,TA,TA,1092,1020,4,1969
1317,295493,RL,Norm,Norm,Ex,Ex,Y,TA,TA,1630,0,3,2008
1318,208900,FV,Norm,Norm,Gd,Ex,Y,Gd,TA,1352,0,2,2006
1319,275000,RL,Norm,Norm,Gd,Ex,Y,TA,TA,1787,0,3,2001
1320,111000,RL,Norm,Norm,TA,Ex,Y,TA,TA,948,0,3,1954
1321,156500,RL,Norm,Norm,TA,Gd,Y,TA,TA,1478,0,3,1957
1322,72500,RL,Feedr,Norm,TA,TA,N,No,Fa,720,0,2,1949
1323,190000,RL,Norm,Norm,Gd,Ex,Y,TA,TA,1061,862,3,1992
1324,82500,RL,Norm,Norm,Fa,Gd,Y,TA,No,708,0,2,1940
1325,147000,RL,Norm,Norm,Gd,Ex,Y,TA,TA,1795,0,2,2006
1326,55000,RM,Norm,Norm,TA,Fa,N,Fa,No,796,0,2,1922
1327,79000,RH,Norm,Norm,Gd,Ex,Y,TA,No,774,0,3,1931
1328,130500,RL,Norm,Norm,Gd,Ex,Y,TA,TA,816,0,3,1982
1329,256000,RM,Norm,Norm,TA,Ex,Y,TA,TA,1584,1208,5,1920
1330,176500,RL,Norm,Norm,TA,Gd,Y,TA,TA,955,677,3,1998
1331,227000,RL,Norm,Norm,Gd,Ex,Y,Gd,TA,1588,0,3,2006
1332,132500,RL,Norm,Norm,TA,Gd,Y,TA,TA,954,0,3,1976
1333,100000,RL,Norm,Norm,TA,Ex,Y,TA,Fa,816,0,2,1938
1334,125500,RM,Norm,Norm,Gd,Ex,Y,TA,TA,803,557,2,1938
1335,125000,RM,Norm,Norm,TA,TA,Y,TA,TA,765,600,3,1970
1336,167900,RL,Norm,Norm,TA,TA,Y,TA,TA,1334,0,2,1977
1337,135000,RL,Feedr,Norm,TA,TA,Y,TA,TA,1656,0,4,1973
1338,52500,RM,Feedr,Norm,Fa,Fa,N,TA,No,693,0,2,1941
1339,200000,RL,Norm,Norm,Gd,Ex,Y,TA,TA,920,941,3,2002
1340,128500,RL,Norm,Norm,TA,Ex,Y,TA,TA,864,0,3,1972
1341,123000,RL,Norm,Norm,TA,TA,Y,TA,TA,872,0,3,1971
1342,155000,RL,RRAe,Norm,Gd,Ex,Y,TA,TA,1114,0,3,2003
1343,228500,RL,Norm,Norm,Gd,Ex,Y,TA,TA,1284,885,3,2002
1344,177000,RL,Norm,Norm,TA,Gd,Y,TA,Fa,1172,741,3,1928
1345,155835,RL,Norm,Norm,Gd,Ex,Y,TA,TA,728,728,3,2006
1346,108500,RM,Norm,Norm,Fa,Gd,Y,TA,TA,960,0,2,1920
1347,262500,RL,PosN,Norm,TA,TA,Y,TA,TA,2156,0,3,1968
1348,283463,RL,Norm,Norm,Gd,Ex,Y,TA,TA,1776,0,3,2006
1349,215000,RL,Norm,Norm,Gd,Ex,Y,TA,TA,1494,0,3,1998
1350,122000,RM,Norm,Norm,TA,Fa,N,Fa,No,938,1215,4,1872
1351,200000,RL,Artery,Norm,TA,TA,Y,TA,TA,1338,1296,6,1969
1352,171000,RL,Norm,Norm,TA,Ex,Y,TA,TA,858,858,4,1962
1353,134900,RM,Norm,Norm,TA,TA,Y,TA,TA,786,390,2,1937
1354,410000,RL,Norm,Norm,Gd,Ex,Y,TA,TA,2053,1185,4,1995
1355,235000,RL,Norm,Norm,Gd,Ex,Y,TA,TA,992,873,3,2000
1356,170000,RL,Norm,Norm,Gd,Gd,Y,TA,TA,1222,698,4,1968
1357,110000,RL,Norm,Norm,TA,TA,Y,TA,TA,892,0,3,1966
1358,149900,RL,Norm,Norm,TA,Ex,Y,TA,TA,1078,0,3,1971
1359,177500,FV,Norm,Norm,Gd,Ex,Y,TA,TA,769,804,3,2000
1360,315000,RL,Norm,Norm,Ex,Ex,Y,TA,TA,1980,0,3,2004
1361,189000,RL,Feedr,Norm,TA,Ex,Y,Fa,TA,990,1611,4,1921
1362,260000,RL,Norm,Norm,Gd,Ex,Y,TA,TA,1530,0,3,2005
1363,104900,RL,Feedr,Norm,TA,Gd,Y,Fa,TA,1281,457,4,1920
1364,156932,RL,Norm,Norm,Gd,Ex,Y,TA,TA,616,796,3,2006
1365,144152,FV,Norm,Norm,Gd,Ex,Y,TA,TA,520,600,2,2005
1366,216000,FV,Norm,Norm,Gd,Ex,Y,TA,TA,814,860,3,2000
1367,193000,RL,Norm,Norm,Gd,Ex,Y,TA,TA,882,908,3,1999
1368,127000,RM,Norm,Norm,TA,Ex,Y,TA,TA,925,550,4,1977
1369,144000,RM,Norm,Norm,Gd,Ex,Y,TA,TA,848,0,1,2003
1370,232000,RL,Norm,Norm,Gd,Ex,Y,TA,TA,1668,0,3,2003
1371,105000,RL,Artery,Norm,TA,Ex,Y,TA,TA,840,534,2,1920
1372,165500,RL,Norm,Norm,Gd,Gd,Y,TA,TA,1661,0,3,1955
1373,274300,RL,Norm,Norm,Gd,Ex,Y,TA,TA,1108,989,3,1998
1374,466500,RL,Norm,Norm,Ex,Ex,Y,TA,TA,2633,0,2,2001
1375,250000,FV,Norm,Norm,Gd,Ex,Y,TA,TA,1026,932,3,2005
1376,239000,RL,Norm,Norm,Gd,Ex,Y,TA,TA,1571,0,3,2007
1377,91000,RL,Norm,Norm,TA,TA,N,TA,TA,790,0,2,1930
1378,117000,RL,Norm,Norm,TA,Ex,Y,TA,TA,984,620,3,1941
1379,83000,RM,Norm,Norm,TA,TA,Y,Fa,TA,483,504,2,1973
1380,167500,RL,Norm,Norm,Gd,Gd,Y,TA,TA,754,640,3,2006
1381,58500,RL,Norm,Norm,TA,TA,N,Fa,Fa,864,0,2,1914
1382,237500,RL,Norm,Norm,TA,Ex,Y,TA,TA,2117,0,4,1970
1383,157000,RM,Norm,Norm,Gd,Ex,Y,TA,TA,998,764,4,1920
1384,112000,RL,Norm,Norm,Gd,Ex,Y,TA,TA,1416,0,3,1918
1385,105000,RL,Norm,Norm,TA,TA,Y,TA,TA,698,560,2,1939
1386,125500,RM,Norm,Norm,Gd,Gd,Y,TA,TA,796,358,3,1922
1387,250000,RL,RRAn,Norm,Gd,TA,Y,TA,TA,1392,1392,5,1978
1388,136000,RM,Artery,Norm,Gd,TA,N,TA,TA,1664,862,5,1916
1389,377500,RL,Norm,Norm,Ex,Ex,Y,TA,TA,1746,0,3,2006
1390,131000,RM,Norm,Norm,TA,Ex,Y,Gd,TA,869,349,3,1941
1391,235000,RL,Norm,Norm,Gd,Ex,Y,TA,TA,1525,0,3,2000
1392,124000,RL,Norm,Norm,TA,TA,Y,TA,TA,1584,0,4,1967
1393,123000,RL,Norm,Norm,TA,TA,Y,TA,TA,900,0,3,1967
1394,163000,RM,Norm,Norm,TA,Ex,N,TA,TA,1221,691,3,1905
1395,246578,RL,Norm,Norm,Gd,Ex,Y,TA,TA,1500,0,2,2006
1396,281213,RL,Norm,Norm,Gd,Ex,Y,Gd,TA,1133,1349,4,2005
1397,160000,RL,Norm,Norm,TA,TA,Y,TA,TA,1687,0,3,1948
1398,137500,RM,Norm,Norm,TA,Ex,Y,TA,Fa,939,574,4,1920
1399,138000,RL,Norm,Norm,TA,Gd,Y,TA,TA,1136,768,3,1950
1400,137450,RL,Norm,Norm,Gd,Ex,Y,TA,TA,1160,448,3,1925
1401,120000,RM,Norm,Norm,TA,TA,Y,TA,TA,950,208,3,1929
1402,193000,RL,Norm,Norm,TA,Ex,Y,TA,TA,864,729,3,2004
1403,193879,RL,Norm,Norm,Gd,Ex,Y,Gd,TA,1294,0,2,2006
1404,282922,RL,RRAn,Norm,Gd,Ex,Y,TA,TA,1464,0,3,2007
1405,105000,RL,Artery,Norm,TA,TA,Y,TA,TA,694,520,3,1915
1406,275000,RM,Norm,Norm,Gd,Ex,Y,TA,TA,1646,0,2,2004
1407,133000,RL,Norm,Norm,TA,TA,Y,TA,TA,768,0,2,1972
1408,112000,RL,Norm,Norm,TA,Ex,Y,TA,No,833,0,3,1985
1409,125500,RM,Norm,Norm,TA,Gd,Y,TA,TA,741,622,3,1910
1410,215000,RL,Norm,Norm,TA,Gd,Y,TA,TA,1236,857,3,1986
1411,230000,RL,Norm,Norm,Gd,Ex,Y,TA,TA,944,896,3,2001
1412,140000,RL,Norm,Norm,TA,Ex,Y,TA,TA,1112,556,3,1950
1413,90000,RL,Norm,Norm,TA,Fa,N,No,TA,1040,0,2,1949
1414,257000,RL,Norm,Norm,Gd,Ex,Y,Gd,TA,1844,0,2,2005
1415,207000,RL,Norm,Norm,Gd,Gd,Y,TA,TA,1053,795,4,1923
1416,175900,RL,Norm,Norm,Gd,Ex,Y,TA,TA,1569,0,1,2007
1417,122500,RM,Norm,Norm,TA,Gd,Y,TA,TA,1246,1044,4,1885
1418,340000,RL,Norm,Norm,Gd,Ex,Y,TA,TA,1310,1140,3,1998
1419,124000,RL,Norm,Norm,TA,TA,Y,TA,TA,1144,0,3,1963
1420,223000,RL,Norm,Norm,Gd,Gd,Y,TA,TA,1844,0,3,1969
1421,179900,RL,Norm,Norm,TA,Gd,Y,TA,TA,708,708,3,1968
1422,127500,RL,Norm,Norm,TA,TA,Y,TA,TA,1069,0,2,1977
1423,136500,RM,Norm,Norm,Gd,Ex,Y,TA,TA,848,0,1,2003
1424,274970,RL,Norm,Norm,Gd,TA,Y,TA,Gd,1575,626,4,1966
1425,144000,RL,Norm,Norm,TA,TA,Y,TA,TA,1344,0,2,1958
1426,142000,RL,Norm,Norm,Gd,Ex,Y,TA,TA,1252,0,3,1959
1427,271000,RL,Norm,Norm,Gd,Ex,Y,TA,TA,1223,904,3,1994
1428,140000,RL,Artery,Norm,TA,TA,Y,TA,TA,1048,510,3,1945
1429,119000,RM,Norm,Norm,Gd,TA,Y,TA,TA,804,0,2,1940
1430,182900,RL,Norm,Norm,Gd,Ex,Y,TA,TA,1440,0,3,1981
1431,192140,RL,RRAn,Norm,TA,Ex,Y,Gd,TA,734,1104,4,2005
1432,143750,RL,Norm,Norm,TA,TA,Y,TA,TA,958,0,2,1976
1433,64500,RL,Norm,Norm,TA,TA,Y,TA,Fa,968,0,4,1927
1434,186500,RL,Norm,Norm,TA,Ex,Y,TA,TA,962,830,3,2000
1435,160000,RL,Norm,Norm,TA,Fa,Y,TA,TA,1126,0,3,1977
1436,174000,RL,Norm,Norm,Gd,TA,Y,TA,TA,1537,0,3,1962
1437,120500,RL,Norm,Norm,TA,TA,Y,TA,TA,864,0,3,1971
1438,394617,RL,Norm,Norm,Ex,Ex,Y,TA,TA,1932,0,2,2008
1439,149700,RM,Artery,Norm,TA,TA,Y,TA,TA,1236,0,2,1957
1440,197000,RL,Norm,Norm,TA,TA,Y,TA,TA,1040,685,3,1979
1441,191000,RL,Norm,Norm,TA,Fa,Y,TA,TA,1423,748,3,1922
1442,149300,RM,Norm,Norm,Gd,Ex,Y,TA,TA,848,0,1,2004
1443,310000,FV,Norm,Norm,Ex,Ex,Y,TA,TA,1026,981,3,2008
1444,121000,RL,Norm,Norm,Fa,Fa,N,TA,Po,952,0,2,1916
1445,179600,RL,Norm,Norm,Gd,Ex,Y,TA,TA,1422,0,3,2004
1446,129000,RL,Norm,Norm,TA,Gd,Y,TA,TA,913,0,3,1966
1447,157900,RL,Norm,Norm,TA,TA,Y,TA,TA,1188,0,3,1962
1448,240000,RL,Norm,Norm,Gd,Ex,Y,TA,TA,1220,870,3,1995
1449,112000,RL,Norm,Norm,TA,Gd,N,TA,TA,796,550,2,1910
1450,92000,RM,Norm,Norm,Ex,Ex,Y,TA,No,630,0,1,1970
1451,136000,RL,Norm,Norm,TA,TA,Y,TA,No,896,896,4,1974
1452,287090,RL,Norm,Norm,Ex,Ex,Y,TA,TA,1578,0,3,2008
1453,145000,RM,Norm,Norm,TA,Gd,Y,TA,TA,1072,0,2,2005
1454,84500,RL,Norm,Norm,TA,Ex,Y,TA,No,1140,0,3,2006
1455,185000,FV,Norm,Norm,Gd,Ex,Y,TA,TA,1221,0,2,2004
1456,175000,RL,Norm,Norm,TA,Ex,Y,TA,TA,953,694,3,1999
1457,210000,RL,Norm,Norm,TA,TA,Y,TA,TA,2073,0,3,1978
1458,266500,RL,Norm,Norm,Gd,Ex,Y,Gd,TA,1188,1152,4,1941
1459,142125,RL,Norm,Norm,Gd,Gd,Y,TA,TA,1078,0,2,1950
1460,147500,RL,Norm,Norm,TA,Gd,Y,TA,TA,1256,0,3,1965